date,Agric,Food ,Soda ,Beer ,Smoke,Toys ,Fun  ,Books,Hshld,Clths,Hlth ,MedEq,Drugs,Chems,Rubbr,Txtls,BldMt,Cnstr,Steel,FabPr,Mach ,ElcEq,Autos,Aero ,Ships,Guns ,Gold ,Mines,Coal ,Oil  ,Util ,Telcm,PerSv,BusSv,Comps,Chips,LabEq,Paper,Boxes,Trans,Whlsl,Rtail,Meals,Banks,Insur,RlEst,Fin  ,Other,SP500,libor
2017-01-03,0.18,0.58,-0.23,0.73,0.42,1.45,0.24,-0.23,0.64,0.99,3.25,-0.06,1.89,1.17,0.27,2.49,0.25,1.16,1.74,1.67,1.63,1.13,1.24,0.45,0.71,1.12,4.48,2.95,-1.42,1.71,-0.45,2.67,0.56,0.84,0.55,0.74,0.8,1.06,1.28,1.68,0.89,0.82,-0.03,0.16,0.26,0.15,1.17,0.86,0.8486575281753117,0.00664662959211082
2017-01-04,0.42,0.67,0.57,1.1,1.05,1.34,1.15,1.38,1.56,0.79,1.93,1.61,3.46,2.64,1.18,0.03,1.01,1.71,2.95,1.41,1.36,1.71,1.96,0.93,1.9,-0.52,1.79,2.41,4.45,1.59,1.08,1.6,1.83,1.52,1.49,1.05,1.25,1.32,1.73,1.55,1.31,1.96,2.08,0.64,0.73,1.35,1.41,1.58,0.5722273844205539,0.00664662959211082
2017-01-05,-0.28,-0.63,0.09,-1.64,-0.28,2.53,0.12,-0.02,-1.06,-1.67,-0.55,0.42,0.24,-1.23,-1.04,0.18,-0.81,-0.97,-1.31,-0.91,-0.99,-0.02,-1.11,-0.58,-1.43,0.82,7.19,1.74,0.37,-0.1,-0.32,-0.81,-0.88,-0.18,-0.39,-0.49,-0.06,-0.95,-0.83,-1.27,-0.81,-2.72,-0.55,-1.2,-1.02,-0.58,-0.31,-0.03,-0.0770670483320468,0.00664662959211082
2017-01-06,-0.06,-0.44,-0.78,0.11,0.29,-1.74,-0.62,-0.33,0.25,-0.53,0.45,1.09,0.57,0.18,-0.04,-2.22,-0.23,-1.7,-1.57,-1.15,-0.05,0.09,-0.35,-0.14,2.64,-0.8,-4.61,-1.92,-2.05,-0.46,-0.12,-0.76,-0.32,-0.05,-0.1,-0.44,0.0,-0.62,0.23,-0.28,-0.22,-1.43,-1.53,0.05,0.29,-0.04,-0.08,-0.61,0.351695901278104,0.006629301659066833
2017-01-09,3.51,-0.64,-0.57,-1.69,0.24,-1.13,-0.74,-0.93,-0.94,-0.47,0.66,1.33,0.65,-0.91,-0.74,-0.72,-1.4,-1.39,-1.16,-0.77,-0.78,-1.36,-1.45,-1.74,-1.72,-0.97,1.3,0.58,-0.9,-2.53,-1.6,-0.35,-0.52,-0.18,-0.27,0.02,0.0,-1.12,-0.78,-0.95,-0.63,-0.45,-1.27,-0.9,-1.2,-0.85,-0.1,-0.28,-0.3548594221719936,0.006692170363620242
2017-01-10,0.92,-0.09,-0.58,-0.86,-1.21,0.53,0.83,0.97,0.38,1.37,6.72,2.01,1.49,0.04,0.42,-0.09,0.95,1.68,2.04,2.16,1.09,1.88,1.11,0.57,1.33,0.32,1.21,4.32,2.07,-0.13,0.05,0.97,1.35,0.57,0.5,0.5,0.89,0.97,0.67,0.82,0.81,0.8,0.69,0.98,0.93,0.22,0.33,6.54,0.0,0.006696501734038129
2017-01-11,-0.48,0.03,1.27,0.05,0.19,0.64,-0.11,0.77,-0.94,-0.67,-0.69,-0.25,-1.01,0.76,0.67,-0.14,0.46,0.58,1.47,0.4,0.95,0.26,-0.02,0.84,0.06,-0.01,0.97,4.04,2.93,0.95,0.99,0.09,0.71,0.71,0.15,1.16,0.23,0.27,0.59,1.01,0.79,-0.54,0.34,0.4,0.27,0.12,0.65,-0.62,0.282963827286542,0.006700833057360356
2017-01-12,-2.48,-0.6,-1.68,-1.4,0.08,-1.05,-0.46,-0.78,-0.81,-0.67,3.78,-0.6,0.12,-0.49,-0.67,-1.23,-1.17,-1.0,-1.13,-2.27,-0.97,-0.78,-1.16,-0.65,-1.66,-2.78,-0.91,-1.16,-1.27,-0.53,-0.29,-0.51,-1.47,-0.46,-0.62,0.06,-0.53,-1.67,-0.26,-0.7,-1.19,-0.75,-0.77,-1.37,-0.95,-0.08,-0.53,-0.58,-0.2144809017699867,0.006681322220236652
2017-01-13,0.18,0.23,1.08,0.82,0.37,0.44,1.03,0.39,0.93,2.69,0.66,1.15,0.94,0.21,0.65,1.36,0.5,0.79,1.09,1.21,1.19,0.69,0.91,0.77,0.84,0.62,1.21,-0.28,0.89,-0.26,0.13,0.79,0.51,1.0,0.91,1.07,1.05,0.64,0.45,1.59,0.22,0.26,-0.59,0.7,0.56,0.53,0.24,0.51,0.18498406076092877,0.0066834684590899585
2017-01-17,0.17,0.58,-0.83,0.36,1.81,-0.58,-0.58,-0.62,0.09,1.17,-0.4,-0.7,-2.07,-1.23,-0.78,-0.17,-0.61,-1.05,-1.78,-2.24,-1.45,-1.27,-0.88,-1.55,-1.53,-0.4,1.55,-1.67,-4.5,1.98,0.79,-1.13,-1.22,-1.14,-1.26,-1.31,-0.88,-0.31,-0.66,-1.64,-0.98,-0.08,-0.69,-2.01,-0.87,-1.49,-1.56,-0.77,-0.2967502689446566,0.006698647891112408
2017-01-18,-0.24,1.03,0.16,-0.26,0.58,0.56,0.2,-0.31,-0.5,-1.06,-1.33,-0.8,0.23,0.5,0.98,-0.81,-0.13,0.75,1.76,4.24,0.59,0.13,0.26,-0.22,-0.21,-0.42,-2.38,-0.59,0.55,-0.58,-0.03,-0.63,0.96,0.32,0.16,0.6,0.94,-0.13,0.59,0.39,0.31,-0.21,0.07,0.51,0.63,0.46,0.78,0.24,0.17637540571728838,0.006730097521723266
2017-01-19,-1.32,-1.08,-0.42,-0.84,0.43,-0.41,-0.43,-1.41,-0.35,-0.21,-1.76,-1.41,-1.66,-1.39,-1.57,-0.24,-0.23,-1.03,-1.34,0.74,-0.47,-0.23,-0.69,0.3,0.09,0.44,-0.96,2.86,-1.52,-0.24,-1.01,-0.32,-1.12,-0.58,0.15,-0.35,-0.91,-0.65,-1.36,-0.67,-0.92,-1.75,-1.04,-0.43,-0.59,-0.81,-0.92,0.35,-0.3609308719258353,0.006799465225348911
2017-01-20,0.64,0.36,0.71,0.46,0.74,1.01,0.72,0.32,0.4,-0.21,0.67,-0.21,-0.29,0.84,0.46,0.89,0.8,0.65,0.29,0.78,0.29,0.69,0.03,0.08,0.04,-0.24,0.56,0.15,1.46,1.25,0.41,0.45,0.69,0.62,0.11,0.73,-0.32,0.16,0.09,0.92,0.58,0.12,0.83,0.6,0.23,0.38,0.6,0.29,0.33662375142391454,0.0068178780204153355
2017-01-23,-0.82,-0.23,0.17,0.03,0.26,-0.38,-0.16,-0.69,0.13,-0.2,-0.5,-0.59,-1.09,-0.23,0.03,-0.83,0.03,0.04,-0.14,1.09,-0.67,-0.97,-0.9,-0.9,-1.41,0.04,2.63,0.26,-0.54,-1.59,-0.51,-0.14,-0.37,-0.45,-0.8,-0.83,0.25,0.69,1.16,-0.97,-0.3,-0.94,-0.32,-0.3,-0.61,-0.82,-0.32,-0.87,-0.2690125012121847,0.006772351615813577
2017-01-24,0.71,0.71,1.21,1.16,0.0,0.08,1.44,0.77,1.56,1.09,0.9,1.1,0.65,2.1,1.9,1.77,2.63,4.81,3.79,2.05,2.73,0.82,1.14,1.32,2.65,1.36,-0.51,4.95,4.86,1.51,0.85,0.34,1.09,0.96,1.86,1.88,1.39,1.98,2.44,1.59,1.27,1.3,0.88,1.45,0.67,1.08,1.31,0.79,0.6564593555387965,0.006718157879848086
2017-01-25,0.19,0.26,-0.26,0.42,1.27,0.37,0.53,1.33,0.11,0.63,1.16,0.91,1.23,1.12,0.78,1.3,1.66,2.92,0.92,2.11,1.63,0.96,2.02,1.09,0.05,0.66,-1.74,0.97,-1.03,1.4,0.43,1.09,0.45,0.86,1.04,1.5,1.69,1.18,0.88,2.05,0.99,0.42,1.48,0.88,0.86,0.95,0.9,-0.2,0.8026090626264137,0.00676259806762225
2017-01-26,-0.69,-0.75,0.43,-0.25,0.14,-2.78,-0.39,-0.37,-1.68,-0.91,-0.06,-0.43,-0.71,-0.76,-0.15,-1.79,-0.04,-0.32,-0.09,-0.82,-0.9,0.08,-0.47,0.39,-2.11,-0.74,-2.08,0.14,2.44,0.47,0.11,0.25,-0.33,-0.43,-1.07,-0.45,-0.89,-1.19,-0.78,0.21,-0.42,-1.45,-0.8,0.28,-0.32,-0.74,-0.35,-0.05,-0.07353841696334795,0.006799465225348911
2017-01-27,-0.46,-0.42,-0.62,0.18,0.01,-0.89,-0.01,-0.3,-0.47,-1.73,-0.96,0.24,0.86,-0.4,0.42,-0.81,-0.39,-1.14,-0.17,-0.83,0.51,0.05,-0.31,0.28,0.39,-0.37,1.04,-0.45,-0.97,-0.71,-0.6,0.22,0.46,-0.04,0.35,0.18,0.47,-0.06,-0.33,-0.89,-0.34,-1.22,-0.24,-0.17,-0.35,0.25,-0.78,-0.32,-0.08664642261523303,0.006783197281023945
2017-01-30,-0.8,-0.37,0.96,-0.22,-0.04,0.52,-0.65,-0.57,-1.06,-0.68,-1.9,-1.25,-2.15,-1.63,-1.64,-1.29,-0.91,-1.47,-1.78,-0.81,-1.31,-1.47,-1.6,0.45,-2.19,-1.28,-0.63,-2.31,-0.3,-2.86,-0.9,-0.89,-0.95,-1.08,-0.99,-1.22,-0.65,-1.37,-1.1,-1.65,-1.14,-0.32,0.12,-1.27,-0.89,-1.0,-0.67,-1.31,-0.6009543491523051,0.006786435318106854
2017-01-31,0.59,0.15,-0.32,0.41,0.09,-0.13,0.3,0.2,0.48,0.03,1.19,1.21,1.99,-0.41,0.44,0.32,-0.42,-0.85,0.27,0.73,-0.35,0.17,-0.09,0.16,0.3,0.99,3.25,0.83,-4.77,-0.1,1.38,-0.05,0.35,0.27,1.12,0.06,0.76,0.6,0.14,-1.07,0.05,1.07,-0.47,0.2,0.13,0.59,0.27,-0.1,-0.08899053387743106,0.006741997789139198
2017-02-01,0.13,-0.19,-0.6,-0.46,-0.33,-0.66,0.12,0.27,-0.55,-0.97,0.8,0.29,0.3,0.89,0.1,-0.57,0.24,-0.23,-0.01,1.46,0.42,0.03,0.41,-1.34,1.74,0.17,0.57,0.25,-0.39,-0.79,-1.36,-0.56,-0.12,-0.23,-0.61,0.3,0.61,0.45,1.13,-0.21,0.03,-0.79,-0.87,-0.12,0.16,0.22,0.08,0.56,0.029836364737390042,0.006748513522691901
2017-02-02,0.38,0.86,0.81,0.9,0.49,0.3,0.21,-0.99,-0.1,3.05,-0.35,0.1,0.24,-0.39,-0.41,-1.26,-0.77,-0.78,1.47,0.66,-0.42,-0.63,-0.71,0.27,-1.1,-0.63,0.53,-1.13,-0.19,0.39,0.98,0.02,-0.75,-0.21,0.34,-0.05,-0.31,-1.07,-0.97,-0.72,-0.23,0.13,0.07,-0.34,-0.02,1.7,-0.04,0.4,0.05703094786491114,0.006737666913303464
2017-02-03,0.23,0.67,2.07,1.64,0.8,1.08,0.52,1.48,0.44,-1.38,1.04,0.75,1.6,0.74,-0.06,-1.19,1.05,1.71,1.23,1.76,0.83,2.11,0.62,1.71,1.91,0.47,0.66,0.28,1.22,1.48,0.75,0.86,0.66,1.01,0.86,1.27,0.62,0.98,0.28,2.0,0.88,0.2,0.64,1.93,1.17,0.43,1.59,0.18,0.7264758001645832,0.006741997789139198
2017-02-06,-1.2,-0.93,-0.69,-0.76,-0.26,1.01,-0.15,-1.3,-0.32,0.47,-0.75,-0.59,0.12,-0.71,-0.99,-0.89,-0.77,-1.39,-0.81,-2.12,-0.35,0.09,-0.21,0.1,-0.4,-0.64,4.18,0.39,-0.74,-1.7,-0.61,-1.29,-0.37,-0.47,-0.51,-0.2,-0.18,-1.33,0.03,-0.65,-0.83,-1.12,-0.34,-0.5,-0.43,-0.67,-0.33,-0.24,-0.21153568633501818,0.006718157879848086
2017-02-07,-0.16,0.36,1.78,-0.17,0.78,-0.57,-0.06,-0.6,-0.37,0.04,-0.26,0.18,0.3,-1.0,-0.09,0.29,0.06,-0.6,-0.26,0.52,0.05,-0.28,-0.74,1.23,-0.68,-0.62,-0.46,-1.71,0.41,-1.73,-0.19,-0.32,-0.34,-0.2,0.69,-0.38,-0.12,-0.69,-0.19,-2.12,-0.44,-0.84,-0.15,-0.22,-0.07,-0.31,-0.62,-0.34,0.02268289539280044,0.0067094955627622355
2017-02-08,-1.22,-0.09,-0.29,-1.31,0.29,-0.1,-0.44,-0.7,-0.25,0.9,0.32,-0.52,-0.27,-0.16,-0.21,-0.05,-0.05,-0.81,-0.87,-0.63,-0.85,-0.56,-0.55,-0.5,-0.2,1.41,0.9,1.16,-0.93,-0.31,0.31,-0.35,-0.98,-0.55,0.16,-0.35,0.61,0.04,0.66,-0.62,0.19,1.02,0.76,-0.66,-0.49,-0.86,-1.13,0.61,0.06933224946015226,0.006689985149854749
2017-02-09,1.23,1.38,-0.06,1.67,0.05,1.13,1.09,0.83,0.97,1.09,0.74,1.06,2.13,1.17,0.67,1.85,0.96,0.67,2.22,2.48,1.43,-0.1,0.73,0.19,1.64,-2.78,-3.88,1.36,-0.71,1.73,-0.16,0.8,1.4,1.09,1.98,0.77,0.83,-0.45,-0.13,0.99,1.44,1.78,1.61,1.16,1.44,0.49,1.07,0.5,0.5752546313282147,0.006666142128120001
2017-02-10,-0.41,0.53,0.98,0.19,-0.08,-0.1,0.79,1.2,0.55,2.81,0.38,0.03,0.24,0.82,1.67,2.51,0.72,1.19,0.62,1.47,0.9,1.48,1.17,1.6,0.1,1.68,3.01,0.94,-0.6,1.2,0.8,0.72,0.71,0.52,1.12,0.55,0.4,1.19,0.43,1.31,0.82,1.05,0.94,0.61,0.59,1.38,0.49,0.82,0.35660503333254656,0.006699740475735183
2017-02-13,0.09,-0.33,-0.87,-0.2,-0.91,-1.11,0.22,0.07,0.11,-1.37,-0.57,0.2,0.65,0.97,-0.28,-1.04,0.41,-0.23,1.09,0.17,0.44,0.76,0.73,0.98,0.31,-0.85,-0.61,3.07,1.35,-0.67,0.22,0.35,-0.14,-0.02,0.57,0.45,0.44,-0.53,0.33,1.61,0.2,-0.82,-0.37,0.77,0.27,0.27,0.47,0.7,0.524584494879643,0.006730097521723266
2017-02-14,-0.39,-0.15,-1.06,0.32,0.9,-0.59,-0.23,0.05,0.33,0.59,1.1,1.41,0.98,-0.28,0.44,0.21,0.02,0.07,-0.79,0.14,0.11,0.23,-0.36,0.3,-0.2,-0.45,-1.44,0.6,0.53,0.67,-0.6,0.07,-0.02,0.64,0.46,0.32,0.11,-0.13,0.4,-0.37,0.21,0.4,-0.25,0.77,0.43,0.53,1.11,-0.35,0.4007335122946376,0.006720342939092738
2017-02-15,1.17,0.38,-0.35,0.51,0.13,0.81,1.19,0.55,-0.16,-0.06,1.15,0.13,1.36,0.33,0.7,0.47,0.3,1.1,0.55,0.46,0.4,0.79,0.64,0.19,0.91,-0.11,-0.67,-1.01,-2.34,-0.73,0.07,-0.51,0.94,0.41,0.0,0.54,0.4,0.51,0.22,0.44,0.03,0.48,0.61,0.36,0.46,0.95,1.14,0.9,0.49923089736394477,0.006783197281023945
2017-02-16,-0.21,-0.55,0.73,-0.22,0.24,-0.23,-1.07,-0.26,-0.52,-0.26,-0.49,-0.58,-0.77,-0.01,-0.98,-0.96,-0.36,-0.3,-0.38,-0.28,0.12,-0.87,-0.67,-0.04,-0.15,1.68,0.08,-0.48,2.94,-1.29,0.28,0.01,-0.71,-0.37,-0.18,0.15,0.29,-0.46,0.01,-1.24,-0.24,-1.46,0.13,-0.03,-0.27,-0.13,-0.35,-0.68,-0.08641179099713181,0.0068655444818821465
2017-02-17,0.31,0.18,-0.09,1.27,0.62,2.11,0.6,0.46,0.0,0.65,0.34,1.03,0.7,-0.27,-0.55,-0.25,-0.22,-0.64,-0.53,-0.43,-0.3,-0.2,0.3,2.79,0.57,-0.51,-1.61,-0.76,-1.51,-0.31,-0.01,0.84,0.0,0.42,1.1,1.18,1.11,-0.25,-0.99,0.23,-0.1,0.92,0.01,0.13,-0.45,0.45,-0.05,0.4,0.16785563554666538,0.00682763021546684
2017-02-21,-0.5,0.65,0.58,0.6,0.69,-0.42,-0.67,0.0,1.81,-0.2,2.04,0.3,-0.55,1.52,0.71,0.81,-0.4,1.2,1.44,1.22,0.59,0.8,1.37,0.35,-1.97,0.1,0.6,0.01,0.04,1.08,1.12,0.88,0.23,0.41,0.67,0.5,0.84,0.41,1.04,0.2,0.81,0.9,0.06,0.23,0.32,0.77,0.39,0.62,0.6048066287376974,0.006866636608937604
2017-02-22,-0.37,-0.37,-0.53,-0.41,-0.53,-1.32,-0.01,0.06,-0.6,1.36,-0.58,-0.89,-1.47,-0.54,0.12,0.34,-0.6,-0.66,-0.79,-0.5,-0.56,-0.24,-0.12,-0.3,0.18,0.38,-2.2,-1.54,-2.72,-2.51,-0.05,0.14,-0.3,-0.13,-0.55,-0.73,-0.91,-0.64,-0.97,-0.92,-0.63,-0.34,-1.83,-0.02,0.46,-0.11,-0.45,0.48,-0.10822003765217358,0.0068677287329954595
2017-02-23,0.37,-0.02,-0.32,-1.64,0.99,0.88,0.15,-0.22,-0.03,-0.59,-0.62,-0.48,-0.86,-0.97,-1.74,0.29,-1.65,-1.89,-3.07,-2.8,-1.34,-1.06,-1.38,-0.65,-1.29,-1.53,-1.85,-3.88,-4.21,0.01,0.85,-0.56,-0.22,-0.57,-0.42,-0.32,-0.71,-1.02,0.27,-0.48,-1.0,-2.18,-0.73,-0.05,0.59,-0.41,-0.49,-0.89,0.04189870457795841,0.006862307087662778
2017-02-24,0.25,-0.33,-0.42,0.79,0.5,0.79,-0.13,-0.41,0.2,1.18,1.08,0.78,0.23,-0.4,-0.21,0.64,-0.06,1.56,-0.76,0.72,0.24,-0.31,-0.58,-0.36,2.0,0.73,-0.81,-0.51,-1.66,-1.65,0.51,-0.37,-0.31,-0.01,0.27,0.16,0.67,-0.26,-0.91,0.11,0.0,1.17,-0.2,-0.44,0.09,0.74,-0.33,-0.06,0.14933640655938607,0.0068438963457317925
2017-02-27,0.5,-0.5,-2.09,-0.04,0.4,1.73,0.47,-0.64,-0.12,0.85,1.15,1.33,3.98,0.57,1.15,1.42,1.55,1.72,2.26,1.26,1.24,0.52,1.67,1.92,-0.06,1.68,-4.73,1.47,-1.25,1.04,-0.07,1.21,1.02,0.74,0.08,0.46,0.94,0.91,0.69,1.14,1.03,0.33,0.27,0.49,-0.14,0.26,0.62,0.12,0.10179830148679958,0.006844949525519617
2017-02-28,-0.92,-0.04,-0.73,3.74,0.19,-2.41,-0.65,-1.17,-0.98,-1.88,-2.06,-1.35,-1.32,-0.35,-0.95,-2.19,-1.65,-1.86,-1.57,-0.45,-1.86,-1.23,-1.67,-0.74,-2.74,-1.66,-0.31,-2.53,-1.02,-1.64,0.24,-2.25,-0.39,-1.47,-1.39,-1.98,-1.94,-1.4,-2.31,-1.35,-1.55,-2.4,-1.88,-1.33,-0.48,-1.31,-1.48,-1.47,-0.2578376200021104,0.0069088762262081715
2017-03-01,1.15,0.89,1.76,1.85,0.72,1.62,1.28,1.73,1.34,0.75,0.28,1.64,1.74,2.15,1.78,0.54,2.5,3.54,3.42,5.15,2.07,1.44,2.55,0.64,1.82,0.06,0.45,2.35,2.39,2.12,0.5,1.37,1.44,1.07,0.97,1.15,0.79,1.42,1.7,1.8,1.77,0.52,0.69,1.83,1.66,1.3,1.35,1.12,1.36738545053825,0.0070399348432337305
2017-03-02,-1.67,-0.91,0.52,-0.78,-0.14,-0.05,-0.07,-1.15,-0.76,-0.02,-1.91,-0.13,-0.09,-1.11,-0.66,-0.19,-0.95,-0.71,-3.45,-0.8,-1.45,0.01,-0.64,-1.16,-1.82,-0.34,-5.12,-2.69,-4.78,-2.28,0.41,-1.61,-0.45,-0.58,-1.34,-0.62,-1.26,-0.5,-2.01,-1.64,-1.69,0.43,-0.82,-1.46,-1.05,-1.18,-1.22,0.03,-0.5859880477359969,0.007072449110645529
2017-03-03,0.25,0.17,0.43,1.05,-0.13,0.27,0.16,-0.86,-0.87,-1.7,2.1,0.27,0.08,-0.04,-0.04,0.21,-0.05,-0.2,0.04,-1.71,0.16,-0.45,0.13,-0.23,0.29,-0.64,0.9,-0.57,-1.67,-0.43,-0.53,-0.3,0.09,-0.43,-0.06,-0.11,-0.19,0.02,0.2,-0.18,-0.35,-1.31,-0.52,0.19,-0.11,-0.27,-0.15,0.29,0.05038771408372167,0.007111431545059332
2017-03-06,-0.73,-1.02,0.27,-1.68,-0.1,-0.43,-0.58,-1.13,-1.9,-0.41,-0.72,-0.99,-0.51,-1.33,-1.85,-0.51,-1.11,-0.42,-1.63,-2.99,-0.35,-1.19,-0.95,-0.23,-0.78,-0.25,-3.83,-0.75,-0.23,-0.39,-0.36,-0.73,-0.42,-0.81,-1.43,-0.57,-0.73,-1.07,-1.3,-1.2,-1.07,-1.55,-0.29,-0.56,-0.93,-0.65,-0.53,-1.2,-0.3277240599115161,0.007080012001114966
2017-03-07,-0.39,-0.38,-0.5,-0.31,0.23,0.84,-0.31,-0.61,-0.09,0.34,-1.91,-1.14,-1.06,-0.37,-0.2,-1.04,-0.53,0.24,-1.89,0.63,-0.59,0.24,-1.09,-1.29,-0.94,-0.37,-1.86,-1.37,-2.27,-1.41,-0.28,-0.4,-0.48,-0.3,0.41,0.25,-0.7,-0.71,-1.78,-1.35,-0.77,-1.3,-0.28,-0.28,-0.41,-0.56,-0.35,0.35,-0.2913373760945248,0.0070789204587695664
2017-03-08,-0.52,-0.35,0.51,-0.02,-0.05,-0.25,-0.05,0.31,-0.24,0.41,-0.93,-0.77,1.24,-0.57,-1.86,0.12,-0.54,-0.38,-0.98,-1.78,-0.87,-0.89,-0.54,-0.42,-0.03,0.46,0.33,-0.88,-3.6,-3.98,-1.74,-0.36,0.39,0.01,0.04,-0.3,-0.65,0.38,0.26,-1.04,-0.55,0.74,-0.16,-0.52,-0.73,-0.2,0.04,0.2,-0.22842155406883613,0.007084339157392705
2017-03-09,0.25,0.34,1.68,-0.41,0.12,-1.42,-0.4,-0.43,-0.47,-1.12,-0.42,-0.09,1.39,-0.1,0.51,-0.53,-0.83,-0.9,-1.81,-0.39,-0.71,-0.38,-1.51,-0.53,-1.43,0.06,-1.73,-1.96,-0.17,-0.5,-0.21,0.18,-0.44,-0.15,-0.03,-0.26,-0.15,-0.56,-0.01,-1.55,-1.13,-1.53,-0.21,-0.08,-0.15,-0.62,-0.48,-0.32,0.07998954777435063,0.007135247935519118
2017-03-10,0.54,0.66,0.51,-0.67,0.09,-0.16,0.53,0.06,0.3,0.58,-0.55,-0.28,0.91,0.54,0.72,0.37,0.04,1.53,0.9,-0.16,0.52,-0.05,0.65,-0.65,-0.19,0.57,2.95,-0.4,-1.59,-0.83,0.79,-0.35,0.54,0.33,-0.17,0.44,1.44,0.38,0.63,0.58,0.22,0.61,0.5,-0.43,0.02,-0.15,-0.51,0.25,0.3268670420600417,0.007151462535737174
2017-03-13,0.26,-0.08,0.2,1.97,0.98,0.61,0.83,1.15,0.25,-0.59,0.42,1.05,1.07,1.02,1.1,0.11,1.29,-0.91,1.2,0.18,0.78,1.34,0.59,0.54,1.0,-0.6,3.21,-0.88,0.51,0.74,0.06,1.14,0.18,1.01,0.4,0.4,0.11,0.19,0.32,-0.4,0.85,-0.83,-1.12,0.33,0.24,0.19,0.22,1.03,0.03666327927462909,0.007162297886353919
2017-03-14,1.07,-0.33,0.8,-1.14,0.08,-1.32,0.16,-0.46,-0.27,0.91,-1.75,-0.82,-2.19,-0.64,-0.28,-0.89,-0.22,-0.85,-0.59,-1.12,-0.92,-0.65,0.16,-0.47,-0.38,-0.08,-4.59,-1.44,-1.66,-1.92,-0.32,-0.66,-0.8,-0.51,-0.61,-0.62,-0.7,-0.2,0.1,-1.25,-0.52,0.07,0.12,-0.08,-0.35,-0.89,-0.39,-0.44,-0.3379027372577559,0.007170950364798756
2017-03-15,1.27,1.24,1.92,1.65,0.93,1.02,0.55,0.77,1.58,0.87,0.43,0.8,1.32,1.39,0.74,1.03,1.18,1.26,2.06,2.67,1.51,1.79,1.73,1.15,2.3,1.5,6.18,2.57,1.41,3.14,1.99,1.63,1.86,0.6,1.37,2.0,1.76,0.94,1.37,0.93,1.36,0.42,1.18,0.0,0.86,1.05,1.13,0.8,0.8374752968933086,0.0071872024852925875
2017-03-16,-0.12,-0.2,-0.12,0.84,0.77,0.38,0.24,0.3,0.55,0.37,0.47,0.42,-0.04,0.2,0.5,0.77,0.12,1.7,0.53,-0.03,0.34,-0.57,-0.07,0.03,-0.24,0.23,-0.11,-0.07,0.06,-0.69,-0.77,0.53,0.19,0.93,0.97,0.33,0.03,0.08,-0.06,0.11,0.4,1.05,0.83,0.72,0.11,1.16,0.51,0.38,-0.1626710288913258,0.007135247935519118
2017-03-17,-0.36,0.61,-0.08,1.2,0.92,0.72,0.84,1.12,0.92,0.55,0.75,0.75,-0.17,0.83,-0.54,0.69,0.03,-0.66,-0.47,1.05,0.5,1.08,-0.12,1.29,1.2,1.37,-1.92,0.73,3.1,-0.23,0.97,0.12,0.96,0.21,0.35,0.63,0.97,0.66,0.9,0.08,0.4,0.27,0.82,0.78,-0.14,0.15,-0.95,-0.08,-0.13143148736339816,0.0071309213321102405
2017-03-20,-0.16,-0.74,0.9,-0.99,1.57,-0.19,-0.37,-0.59,-0.62,-0.78,-0.65,-0.65,-0.05,-0.06,-0.45,-0.81,-0.1,-1.02,-0.04,-1.68,-0.07,-0.41,-0.84,0.0,-1.01,-0.69,1.93,0.59,1.37,0.23,-0.81,-0.08,-0.21,-0.59,-0.11,0.56,-0.34,-0.67,0.9,-1.02,-0.82,-1.48,-0.75,-0.92,-0.92,-0.49,-0.58,0.5,-0.20098934090192477,0.0071417182637700805
2017-03-21,-0.53,-1.1,0.27,-0.94,-0.47,-1.88,-1.37,-2.2,-1.46,-3.49,-2.1,-1.86,-3.58,-2.32,-1.73,-0.7,-1.98,-2.4,-4.17,-3.19,-2.11,-1.05,-3.19,-2.8,-2.33,-1.56,-0.71,-2.17,-0.02,-2.64,0.36,-1.44,-2.03,-2.0,-2.36,-2.4,-1.64,-1.66,-2.6,-2.14,-1.97,-1.94,-0.88,-3.48,-1.73,-0.93,-2.34,-0.8,-1.2407972866659844,0.007139574491965561
2017-03-22,-1.7,-0.17,-0.06,-0.34,-0.03,0.01,-1.12,-0.29,-1.36,-0.55,-0.17,-0.21,0.04,-0.28,-0.31,-1.32,-0.02,-0.8,0.38,-0.09,-0.45,-0.63,0.17,-0.65,-0.51,-0.69,-0.7,0.08,-1.18,-1.02,0.06,-1.05,-0.03,-0.37,-0.42,0.05,0.03,-0.22,0.63,-0.46,-0.37,-0.44,0.33,-0.69,-0.51,-1.1,-0.51,-0.69,0.18898861623204422,0.007106013214897011
2017-03-23,0.8,0.42,-0.38,1.66,0.25,0.13,0.88,0.24,0.81,1.32,0.71,-0.24,0.52,1.1,1.1,1.64,0.58,1.03,1.03,1.32,0.72,0.1,0.43,0.63,0.86,0.2,-0.79,0.4,3.9,0.06,0.17,-0.12,0.59,0.55,0.14,0.26,1.33,1.22,0.74,0.11,0.47,0.79,0.78,0.94,0.59,0.13,0.66,0.07,-0.10602695616058755,0.007094084832726111
2017-03-24,0.24,-0.01,-0.33,0.09,-0.56,-0.66,0.21,-0.33,0.38,0.86,1.94,0.88,0.81,-0.32,-0.19,-0.1,0.12,-0.02,-1.75,-0.08,-0.27,-0.35,-0.08,-1.04,-0.14,-0.86,-0.15,-0.63,-1.09,-0.77,0.45,0.51,-0.14,0.36,0.33,0.47,0.09,-0.59,-1.13,-0.58,-0.12,-0.59,0.16,0.23,-0.13,0.58,-0.08,0.03,-0.08439960753447995,0.0070908492949550705
2017-03-27,0.84,0.09,0.65,0.67,0.75,0.73,1.11,-0.25,0.49,0.24,1.52,0.59,2.1,0.67,-0.02,0.14,-0.3,0.2,0.08,-0.5,-0.21,0.55,0.25,0.29,-0.69,-0.02,1.06,-0.66,0.26,-0.19,0.17,0.05,0.39,0.49,0.54,0.57,0.58,-0.25,-0.33,-0.03,0.63,0.33,0.63,-0.05,0.12,-0.39,0.41,-0.24,-0.10195872065427158,0.007068121825248852
2017-03-28,0.99,0.03,1.21,-0.73,-0.57,-0.68,0.29,0.32,0.31,0.77,-0.57,-0.37,0.49,1.17,0.72,0.88,0.64,0.85,1.09,2.17,1.26,1.16,1.31,0.9,1.84,0.37,-2.58,1.91,1.07,2.52,0.35,-0.1,0.55,0.33,0.66,0.19,-0.02,0.82,0.92,2.34,0.82,0.96,1.48,0.88,0.86,1.75,1.16,0.29,0.7251474152977444,0.007072449110645529
2017-03-29,0.55,0.59,0.13,1.3,0.0,-0.08,0.73,0.5,0.32,1.63,-0.46,0.62,0.86,1.02,0.09,-0.02,0.6,1.17,0.41,-0.6,1.01,0.69,0.48,0.26,0.54,0.49,0.86,1.06,2.86,2.36,0.22,0.91,0.08,0.93,0.95,0.31,0.91,-0.16,-0.27,1.07,0.37,2.52,0.63,0.0,-0.18,0.55,0.5,0.74,0.10853249749624982,0.007056192308607656
2017-03-30,0.51,-0.5,-0.16,1.08,-0.59,1.06,0.31,0.71,0.24,-1.24,0.57,0.46,-0.32,0.01,0.62,0.6,0.98,0.14,0.9,0.71,1.26,0.78,0.32,0.59,0.96,1.04,-0.22,0.22,-1.09,0.13,-0.36,0.84,0.93,0.15,-0.09,0.78,0.87,0.4,0.54,0.28,0.25,0.4,0.29,1.89,1.1,1.07,1.16,-0.47,0.2935110029269161,0.007054009090423641
2017-03-31,0.25,0.56,1.23,0.0,0.43,0.23,0.28,0.53,-0.43,0.33,0.02,-0.41,0.11,0.83,0.99,0.59,0.51,0.17,0.56,-0.28,0.34,0.7,1.36,-0.2,-0.49,0.19,1.05,0.52,-0.76,1.11,0.58,-0.19,1.06,0.54,0.42,0.11,-0.29,0.62,0.13,0.01,0.51,-0.28,0.83,-0.3,0.31,0.68,0.58,0.78,-0.22550475355151978,0.007086522209376334
2017-04-03,-0.31,-0.23,-1.65,0.1,0.17,-2.23,-0.87,-0.83,-1.21,-1.38,-1.11,-1.04,-1.4,-1.62,-1.06,-1.86,-1.95,-1.55,-1.56,-2.87,-1.6,-1.58,-2.09,-1.31,-0.09,-0.68,1.01,-0.91,0.0,-1.15,-0.18,-0.85,-1.6,-1.1,-1.17,-1.35,-1.33,-1.15,-0.52,-1.25,-0.81,-1.49,-0.31,-0.84,-0.95,-0.7,-1.54,-0.89,-0.16421256211577306,0.007089757782297035
2017-04-04,0.64,-0.28,-0.53,0.27,0.25,-1.1,0.23,-0.04,-1.48,-2.35,-1.66,-2.01,-1.16,-0.07,-0.46,-1.16,-0.29,-0.12,0.24,-1.0,-0.32,-0.9,-1.26,0.12,-0.65,-1.55,0.34,1.43,4.81,1.45,0.59,1.27,-0.19,-0.62,-0.7,-0.98,-0.66,-0.27,-0.33,-0.51,0.65,-0.76,-0.99,-0.16,0.45,-0.74,-0.76,-0.42,0.055952245627599595,0.00704753733766772
2017-04-05,-1.15,0.08,-0.1,-0.91,-0.05,-0.63,-0.6,-0.91,-0.38,0.15,-0.94,-1.7,-2.35,-1.3,-0.05,-0.51,-1.01,-0.77,-2.1,-0.46,-1.02,-0.84,-1.14,-1.32,1.19,0.2,-0.79,-1.86,-0.92,-1.25,0.28,-0.69,-0.38,-0.72,-1.17,0.26,-1.53,-0.42,-0.39,-1.49,-0.47,-1.14,0.21,-1.14,-1.01,-1.39,-1.15,-0.3,-0.30548612250135276,0.0070637555076524805
2017-04-06,1.25,0.19,0.28,1.32,-0.13,0.49,1.16,0.7,2.15,0.68,0.96,0.84,0.16,1.5,0.66,1.4,1.2,0.93,1.31,1.53,1.26,2.56,0.77,1.03,2.68,1.27,-0.41,1.81,1.79,1.27,0.17,0.77,1.42,0.76,0.79,0.89,1.77,0.69,0.37,1.04,0.61,1.86,1.06,0.81,0.53,0.96,0.82,0.4,0.19295093795217433,0.007072449110645529
2017-04-07,-0.59,0.15,0.2,-1.05,0.67,-0.4,-0.38,0.19,-0.12,0.22,-0.83,-0.1,-0.08,0.3,-0.11,-0.18,0.28,0.51,1.05,1.67,0.01,0.22,-0.06,-0.2,-0.13,-0.33,-0.16,-0.42,-1.31,-0.09,-0.28,0.23,0.21,-0.26,-0.31,0.23,0.07,-0.46,-0.72,-0.32,-0.07,-0.16,-0.3,0.23,-0.15,0.6,-0.3,-0.55,-0.08271301291931099,0.007075684797852588
2017-04-11,0.99,0.4,-0.17,-0.34,0.08,0.21,0.57,1.13,0.75,0.18,0.48,-0.21,-0.5,0.97,0.97,1.32,0.46,1.15,1.28,2.9,0.55,-0.09,0.88,0.79,0.94,0.9,3.32,1.26,0.45,0.19,0.4,0.31,1.31,0.69,0.35,-0.44,-0.2,0.8,0.33,-0.89,0.42,1.08,0.32,0.91,0.14,1.06,0.37,-0.04,-0.14338793828936325,0.007036698865681146
2017-04-12,0.04,-0.34,-0.48,-0.32,0.07,-0.15,-1.19,-1.42,-1.08,-0.73,1.5,-0.73,-0.43,-1.52,-0.19,-0.13,-1.84,-1.56,-3.35,-3.2,-1.47,-1.27,-1.86,-1.9,-2.45,-2.19,0.36,-2.26,-4.17,-1.85,0.31,-0.25,-1.68,-0.6,-1.22,-1.04,-1.01,-1.72,-1.1,-1.96,-1.58,-1.03,-0.31,-0.96,-0.71,-0.26,-0.74,-0.29,-0.3759950756214048,0.00701502103717111
2017-04-13,-0.14,-0.7,-5.21,-1.2,-0.45,-0.48,-1.04,-0.86,-0.3,-1.54,-0.61,-0.52,0.34,-1.02,-1.39,-1.31,-1.36,-0.61,-2.53,-1.4,-1.43,-0.95,-1.26,-0.59,-2.13,0.16,-0.83,-1.84,-1.88,-2.28,-0.86,-0.74,-0.48,-0.64,-0.37,-0.79,-0.58,-0.73,-0.77,-1.19,-0.84,-1.12,-0.85,-1.3,-1.18,-0.26,-1.13,-0.22,-0.6814694452883074,0.006969556148939127
2017-04-18,-0.37,0.34,-1.7,0.18,0.12,-0.9,0.07,0.31,-0.49,-0.9,-0.81,-0.32,-1.38,0.01,-0.29,-0.09,0.15,0.61,-0.49,-0.27,-0.15,-0.3,0.33,0.46,0.19,-0.31,-0.72,-0.23,-2.01,-1.75,0.04,-0.16,0.33,0.1,-0.05,0.01,-0.26,0.54,0.64,-0.11,-0.66,0.14,-0.35,-0.09,-0.16,0.33,-0.43,-0.4,-0.29033801350211164,0.006928375923731522
2017-04-19,-0.02,0.03,3.76,1.35,-0.68,0.29,0.02,1.29,0.68,1.18,-1.14,-0.08,0.64,0.03,0.45,0.71,-0.1,0.16,-0.11,-0.6,-0.02,0.46,0.75,0.75,0.58,0.46,-3.16,-2.08,-4.02,-2.23,-0.7,0.76,1.09,0.72,0.53,0.45,0.9,0.43,-1.28,0.59,0.28,0.49,0.15,0.51,0.0,0.68,0.33,0.33,-0.17163505528009493,0.006828722446461377
2017-04-20,1.36,0.76,2.96,-0.51,-0.93,1.19,0.54,1.99,1.54,1.32,0.83,0.74,0.56,1.08,1.66,1.1,1.48,0.29,4.14,3.52,1.78,0.56,2.02,1.34,1.72,0.33,-0.07,1.76,0.35,0.06,-0.11,0.85,0.8,0.93,0.95,1.25,1.54,1.23,0.53,1.42,1.06,1.89,1.38,1.42,0.75,0.69,1.37,-0.35,0.7557263410900905,0.006842804156348414
2017-04-21,0.65,0.08,-0.43,-0.56,-0.03,-2.21,0.03,-0.22,-0.18,-0.4,-0.74,-0.3,-1.35,0.01,-0.96,0.48,-0.28,-0.23,-0.08,-1.2,-0.18,-0.21,-0.53,-0.06,0.0,0.18,-0.35,-0.92,-1.82,-0.18,0.51,-0.46,-0.16,-0.01,-1.0,-0.2,-0.18,-0.61,0.51,0.93,-0.34,-0.33,0.07,0.15,-0.3,0.19,-0.46,-1.0,-0.30350731513657525,0.00686339922360002
2017-04-24,0.19,0.65,-1.53,1.21,3.05,2.02,-0.22,0.19,0.72,0.8,0.64,0.66,1.03,1.3,1.02,1.01,1.19,1.05,2.43,2.68,1.77,2.2,2.54,1.42,1.27,0.44,-1.16,0.76,1.14,0.1,0.58,0.61,1.43,1.22,1.45,1.27,1.68,0.67,0.9,1.39,1.04,0.5,0.87,1.46,1.07,0.24,1.23,0.69,1.0840068991465168,0.0069554789181580645
2017-04-25,0.08,0.36,-1.61,0.09,-0.77,0.11,0.94,1.46,2.47,0.54,1.22,0.48,1.51,1.42,1.56,0.56,1.27,0.35,1.53,1.3,1.51,0.94,1.38,-0.4,0.8,0.58,-1.93,0.18,-0.33,1.73,0.19,1.25,0.48,0.39,1.21,0.77,0.95,1.82,0.93,0.21,1.42,-0.15,1.04,0.65,0.73,0.58,0.3,0.96,0.6090687444722187,0.006981449266540984
2017-04-26,0.58,0.01,-1.1,-0.11,-1.18,1.28,3.32,1.04,0.81,0.75,0.42,1.06,1.2,0.74,1.21,1.26,0.97,1.98,0.58,0.7,0.69,-0.01,0.55,0.43,1.78,0.53,1.71,0.3,-3.08,0.76,0.27,0.76,1.47,1.0,0.36,-0.58,0.25,1.16,0.52,-0.26,0.63,1.28,1.03,0.63,0.79,0.8,0.29,-0.25,-0.048570337896503,0.007012876583556427
2017-04-27,-0.51,-0.34,-0.85,0.95,-0.27,-0.1,-0.78,-0.85,-0.34,0.4,-0.38,-0.11,-0.24,0.24,1.26,0.36,-1.04,0.18,-0.46,1.27,-0.09,-1.62,0.33,-0.26,-0.97,0.1,-3.4,-1.48,-3.77,-2.01,-0.41,-0.43,-0.42,0.23,0.18,0.74,0.53,-0.03,0.85,-0.06,-0.35,-0.33,-0.19,-0.64,-0.01,0.09,-0.6,-0.24,0.0552920072501184,0.006987961085469507
2017-04-28,-0.94,-0.19,0.31,0.33,-0.46,-0.5,-0.62,-3.65,-0.54,-1.69,-0.04,-0.61,-0.67,-0.87,-0.62,-1.22,-0.91,-2.38,-0.8,-1.79,-0.95,-1.23,-0.25,-0.39,-1.37,-0.1,1.81,-1.43,-2.4,-0.97,-0.74,-1.16,-1.0,-0.25,-0.65,-0.73,-1.03,-0.85,-1.13,-0.96,-0.75,-1.12,-0.8,-1.02,-0.32,-0.47,-0.25,0.28,-0.19131473359665918,0.006978212813968376
2017-05-02,-0.42,-0.87,-0.25,-0.01,0.23,0.68,-0.19,-0.06,-0.11,1.27,1.76,-0.23,-1.56,-1.02,0.72,-0.12,-0.57,-0.51,-0.7,-1.22,-0.41,-1.13,-0.15,-0.44,0.04,-0.4,-0.73,0.47,0.64,-1.18,-0.22,-0.24,0.1,0.37,0.36,-0.58,-0.76,-0.08,-1.26,-0.46,-0.31,0.69,0.68,-0.46,-0.14,-0.11,-0.41,-0.36,0.11890500505600254,0.007002037168657438
2017-05-03,-0.51,-0.35,-0.26,-0.62,-0.71,-0.84,-0.28,1.08,-0.91,-0.74,-1.06,-0.56,-1.15,-0.77,-0.02,-1.57,-0.68,-0.86,-1.27,-1.12,-0.72,-0.68,-0.45,-0.99,-1.4,-0.98,-1.04,-1.63,-2.85,-0.38,-0.7,-2.32,0.83,-0.41,-0.41,-0.66,-0.79,-1.27,-0.21,-0.82,-0.89,-0.58,-0.65,0.62,-0.26,-0.39,-0.46,-0.16,-0.12713605051780652,0.0069630440292067775
2017-05-04,-0.04,0.33,-0.25,4.36,0.08,0.21,-0.46,-1.39,-1.45,0.23,-0.1,-0.89,-0.38,-0.85,0.29,0.44,0.46,-0.76,-0.72,0.38,-0.2,0.26,0.08,-0.06,1.93,-0.1,-2.36,-2.19,-3.82,-3.67,-0.47,-1.91,-0.57,-0.16,0.65,-0.51,0.95,-0.57,0.61,-0.18,-0.7,-1.14,-0.39,0.6,0.64,0.0,-0.25,-0.48,0.058210276161951846,0.0070042206716358635
2017-05-05,0.33,0.54,-0.22,0.22,0.43,0.47,0.23,0.62,0.96,0.55,0.5,-0.05,-0.73,1.49,0.4,0.48,0.36,-0.4,-0.11,1.89,1.31,1.35,1.32,1.03,2.32,0.91,1.92,2.61,3.33,4.13,0.92,1.18,-0.49,0.74,1.18,1.06,1.44,1.08,0.28,-0.05,1.04,1.3,1.52,-0.28,-0.04,0.28,-0.4,1.04,0.4088695184901736,0.006997709118450324
2017-05-08,-0.33,0.64,0.69,0.33,-0.97,-0.36,-0.35,-0.93,-0.97,0.66,-0.81,-0.85,-1.23,-1.08,0.25,1.52,-0.68,-0.39,-0.77,0.91,-0.03,0.13,-0.43,-0.42,0.18,-0.84,0.31,1.19,0.76,1.41,-0.09,0.59,0.35,-0.01,0.17,0.27,0.0,-0.13,0.26,-1.11,1.3,-0.09,-0.4,0.16,-0.69,0.2,-0.21,-0.63,0.0037446077189251525,0.007033462861860684
2017-05-09,-0.19,-0.81,0.76,-1.45,-0.38,0.77,0.54,0.49,-0.08,2.0,0.13,-0.16,0.73,-0.29,0.29,0.03,0.26,1.61,-0.26,0.06,-0.04,0.66,1.01,0.69,1.37,1.32,0.4,0.4,3.02,-0.99,-1.16,-0.47,0.64,0.37,0.07,0.59,0.44,-0.75,-0.77,0.11,-0.45,0.57,0.0,-0.43,-0.59,0.26,0.29,-0.5,-0.10252486558834928,0.007043209781687487
2017-05-10,-0.63,-0.19,-1.61,0.36,1.47,-0.08,0.74,-2.26,-0.29,1.2,1.73,0.39,0.93,1.33,0.2,0.16,-0.31,-0.58,0.26,1.25,0.53,0.51,-0.12,-0.38,1.08,1.47,1.93,2.06,2.04,2.44,0.69,-0.26,1.01,0.33,0.16,0.34,0.58,0.57,1.09,0.09,0.24,0.74,0.25,-0.1,0.19,-0.52,0.6,0.34,0.1130601391863939,0.00703127951913185
2017-05-11,-0.93,0.14,-1.37,0.65,0.25,0.04,-0.59,-1.33,0.01,-1.78,0.19,-0.45,-0.11,-0.41,-0.8,0.26,-0.41,0.18,0.17,0.01,0.01,0.66,-0.46,0.0,-0.74,0.97,2.08,0.53,0.06,-0.6,0.16,-1.53,-0.4,-0.4,-0.75,-0.88,-0.61,-0.53,-0.58,-0.94,-0.09,-1.81,-0.5,-0.87,-0.15,-0.93,-1.09,0.3,-0.21628093718816244,0.00702371570358018
2017-05-12,0.75,0.04,-1.03,-0.58,-0.78,-0.8,0.41,-1.04,-1.15,-0.81,-0.82,-0.63,0.52,-0.11,-0.65,-1.54,-0.97,-0.83,-1.23,-0.43,-0.99,-0.84,-0.22,-1.24,-0.04,-0.73,1.17,-0.45,-1.23,-1.24,0.24,-0.3,-1.29,-0.41,-0.29,-0.38,-0.17,-0.8,-0.39,-0.89,-1.14,-2.06,-0.56,-0.55,-0.86,0.0,-0.43,-0.45,-0.14784413421209397,0.006945729851892679
2017-05-15,-0.16,-0.06,0.49,-0.03,0.24,-0.92,-0.01,0.74,0.27,-0.89,-0.19,0.54,0.84,0.64,1.44,0.24,0.48,0.71,1.66,-0.37,1.08,0.78,1.62,0.96,-0.21,0.53,0.81,1.7,-5.07,1.81,0.38,0.82,0.1,0.88,1.01,1.04,0.97,1.0,0.53,0.18,0.9,-0.74,0.05,0.73,0.72,0.03,0.96,0.55,0.47765136426025645,0.0068655444818821465
2017-05-16,-0.72,-0.3,0.13,0.46,0.73,0.36,-0.13,-2.58,-0.51,-1.18,-1.75,-1.0,-0.51,-0.18,-0.14,-0.97,-0.2,-0.15,-0.43,-0.3,0.21,-1.0,-0.07,0.51,-0.17,-0.49,0.39,-1.43,0.58,-0.75,-0.61,0.31,-1.04,-0.16,0.29,0.27,0.49,-0.12,-0.38,0.19,0.37,-0.81,-0.59,0.18,-0.3,0.56,-0.16,-0.34,-0.06868968136181097,0.006866636608937604
2017-05-17,-1.64,-1.07,-0.56,-0.82,-0.29,-1.4,-2.01,-2.55,-1.94,-2.63,-1.83,-1.55,-2.6,-2.61,-1.59,-2.21,-2.2,-3.02,-3.47,-3.32,-2.81,-2.23,-3.48,-2.06,-1.82,-1.45,0.02,-2.13,-2.23,-2.26,-0.23,-2.32,-2.42,-2.59,-3.05,-3.31,-2.11,-2.67,-2.15,-2.5,-2.7,-1.99,-0.95,-2.81,-1.28,-1.28,-2.78,-1.09,-1.81782145892192,0.0068178780204153355
2017-05-18,-0.02,-0.44,-0.67,-0.3,-0.18,-0.96,-0.04,0.44,-0.63,-0.57,0.1,-0.06,1.06,0.29,-0.76,0.77,-0.12,0.19,-0.46,-0.45,-0.2,0.23,0.48,-0.5,-0.01,-0.44,-2.17,0.36,-1.04,-0.24,0.09,0.47,-0.74,0.59,-0.4,0.34,0.49,-0.36,-0.88,0.18,0.03,-0.81,0.1,0.62,0.4,0.39,0.15,0.78,0.3686818535649561,0.006707349464107892
2017-05-19,-0.25,1.04,1.47,0.89,0.9,1.21,0.69,0.82,1.1,0.74,1.58,0.67,0.34,1.11,1.29,0.66,0.67,1.35,2.0,0.01,1.5,0.54,0.6,1.19,1.43,1.64,0.48,1.55,0.15,2.58,0.92,1.51,1.06,0.6,0.95,0.66,0.77,0.63,0.63,1.24,1.07,0.73,0.66,-0.04,0.2,0.61,0.52,0.65,0.6767499617984285,0.006778866852985566
2017-05-22,0.63,0.57,0.4,1.5,3.0,-0.5,0.79,1.45,0.38,0.72,0.13,0.07,0.21,0.52,0.62,1.16,0.04,0.09,0.24,0.34,0.43,0.12,1.46,1.84,0.23,1.12,1.64,-0.69,0.23,0.16,0.68,1.29,0.56,0.88,1.75,1.1,0.66,0.56,1.02,0.65,0.81,0.64,-0.23,0.31,0.41,0.12,0.15,0.31,0.5160131544382551,0.0067929503249741785
2017-05-23,-0.54,0.31,0.64,-0.41,-0.37,-0.46,-0.2,0.41,-0.1,0.87,-0.77,0.12,-0.1,0.26,0.37,0.06,-0.01,0.2,2.34,1.42,0.13,-0.34,-0.14,1.28,0.4,0.35,-2.58,0.26,0.14,-0.32,0.52,-0.43,0.07,0.2,0.14,-0.34,0.2,0.2,0.16,0.88,-0.04,-1.18,-0.77,0.77,0.3,0.6,0.13,-0.07,0.18378718487075396,0.0067658752864518945
2017-05-24,0.2,0.12,1.93,0.61,0.34,0.87,-0.35,0.34,-0.17,0.2,-0.46,0.18,0.08,0.11,0.14,-0.09,-0.1,-0.52,-0.85,-0.16,-0.03,0.26,0.09,1.5,-0.55,0.5,0.93,-1.68,0.78,-0.82,0.41,-0.3,0.4,0.3,0.19,0.33,-0.05,0.31,0.52,-1.06,0.07,0.01,0.7,-0.36,0.21,1.06,-0.16,-0.32,0.2489126672622799,0.006789712340871112
2017-05-25,0.95,-0.27,1.4,0.19,0.35,-0.66,0.34,-1.0,0.01,0.58,0.9,0.4,-0.35,-0.19,0.18,0.46,-0.13,-0.59,-0.29,-0.84,-0.59,0.24,0.36,1.15,0.35,-0.01,0.01,-0.54,-2.07,-3.43,0.72,0.17,-0.11,0.25,-0.07,0.55,0.17,0.24,0.52,0.17,0.06,0.79,0.03,0.11,0.54,0.59,0.15,-0.1,0.44419480513928633,0.006778866852985566
2017-05-26,-0.36,0.25,0.4,1.0,0.46,0.16,0.49,0.88,-0.28,0.88,-0.78,0.03,-0.57,0.41,-0.31,0.31,0.03,-0.4,-0.09,0.75,0.38,0.65,0.35,-0.23,-0.38,-0.09,0.33,-0.11,-1.52,0.18,-0.09,0.51,0.48,-0.04,-0.14,0.29,-0.04,0.72,0.09,-0.4,-0.23,0.36,-0.25,-0.19,0.27,0.03,0.14,0.35,0.031054999601765054,0.006772351615813577
2017-05-30,-1.35,-0.81,-0.39,-0.99,0.16,-0.21,-0.52,-0.09,0.29,0.59,-0.67,-0.73,-1.75,-1.23,0.71,-0.13,-0.55,-0.57,-0.07,-1.67,-0.68,0.01,-0.1,-0.59,0.29,-0.93,-1.74,-0.82,-2.75,-2.8,-0.2,0.0,-0.28,-0.15,-0.68,0.01,0.39,0.08,0.67,-0.58,-0.37,-0.35,-0.92,-0.89,-0.49,-0.41,-0.48,-0.7,-0.12046244828196606,0.006773443998331352
2017-05-31,-0.5,-0.06,0.47,0.47,0.94,0.56,0.58,0.88,-0.15,0.2,-0.05,0.0,-0.05,-0.36,-0.99,0.72,0.31,-0.43,-0.24,0.14,0.13,-0.41,0.07,-0.06,0.07,-0.09,-0.13,-0.44,-0.66,-0.92,0.23,-0.02,0.06,0.21,-0.09,-0.1,-0.07,0.31,-0.13,-0.54,0.51,-0.12,0.88,-0.18,0.21,0.59,-0.58,0.03,-0.04599686853125062,0.00678210492524034
2017-06-01,1.78,1.65,0.5,0.99,0.11,1.24,1.12,1.0,1.47,0.24,2.14,1.65,2.31,0.86,0.26,1.18,1.35,2.0,1.77,4.4,1.07,1.39,1.97,1.05,1.69,1.5,-0.82,0.85,0.38,1.01,1.05,1.39,1.76,1.27,1.75,1.08,1.44,1.73,2.01,1.75,1.63,1.72,1.26,1.13,1.62,0.92,1.91,0.89,0.7571112707942307,0.0067929503249741785
2017-06-02,0.88,-0.45,0.68,0.63,0.18,0.26,0.68,0.68,0.36,0.97,0.84,1.34,1.44,0.87,0.92,1.22,1.72,1.18,0.81,0.74,0.51,0.99,0.78,0.75,0.1,0.96,0.52,-1.13,-2.42,-0.89,0.42,0.97,-0.09,0.58,0.57,1.22,0.89,0.29,-0.37,0.42,0.47,-1.04,0.4,0.49,0.32,0.82,0.97,1.13,0.3707730994808367,0.00680921787108435
2017-06-05,-0.86,-0.01,-0.81,-0.55,-0.41,-0.73,-1.07,-0.01,0.55,0.78,-1.18,-0.79,-1.09,-0.61,-0.76,-0.69,-0.99,-1.08,-0.12,-2.35,-0.21,-0.15,-0.38,-0.51,-1.52,-0.6,-0.42,-0.29,-1.21,0.14,-0.76,-0.98,-1.38,-0.61,-0.46,-0.5,-0.5,-1.37,-1.58,0.12,-0.38,-0.17,-0.78,-0.45,-1.19,-0.27,-0.38,-0.15,-0.12176648957179514,0.006789712340871112
2017-06-06,0.61,-0.4,-1.4,-0.53,0.74,0.43,-0.26,-0.59,-0.53,-0.44,-0.14,-0.44,-0.36,-0.44,0.5,-0.14,-0.49,-0.25,-0.73,0.14,-0.14,-0.71,0.66,-0.02,-0.32,-1.07,3.58,1.26,1.53,2.83,-0.06,-0.17,-0.68,-0.07,-0.54,0.49,0.05,-0.34,-0.5,-0.27,-0.47,-2.06,-0.85,-0.61,-0.76,-0.68,-0.63,0.9,-0.27790401574869783,0.006778866852985566
2017-06-07,-0.48,0.68,0.48,-0.66,0.24,0.63,0.61,-0.54,0.31,0.39,-0.24,0.01,-0.26,-0.51,0.02,-0.04,-0.48,-0.02,-0.48,-0.82,-0.58,-0.61,-0.4,0.39,-0.34,-1.45,0.74,-0.24,-3.19,-3.76,0.05,-0.14,0.34,-0.05,-0.14,1.05,-0.49,-0.19,0.05,0.21,-0.74,0.55,0.39,0.71,0.35,0.59,0.29,1.83,0.15682574527444704,0.006783197281023945
2017-06-08,1.14,-0.35,-0.74,-2.31,-0.72,0.2,0.68,1.63,1.1,0.38,0.89,1.62,0.81,0.87,1.18,0.97,1.81,0.75,3.52,2.02,1.42,1.27,0.71,0.88,1.8,2.23,-1.14,4.52,5.24,-0.12,-0.13,0.35,0.83,1.09,0.79,1.74,1.21,0.32,-1.23,0.3,1.0,0.25,0.44,1.84,1.25,0.57,0.93,0.55,0.026720452936990213,0.006800518522576127
2017-06-09,0.63,1.37,-1.62,-0.36,-0.79,1.73,-0.81,0.85,0.31,2.17,1.35,0.49,-0.56,1.18,1.39,1.7,1.01,1.25,0.92,1.34,0.36,0.46,0.17,-0.22,1.61,0.63,-2.49,-0.35,-1.64,3.0,0.79,0.02,0.48,-0.81,-2.12,-2.1,-1.68,0.58,0.75,0.72,0.99,1.76,-0.13,2.19,1.09,0.76,0.75,-0.68,-0.08299890161560519,0.006800518522576127
2017-06-12,0.93,-0.63,1.04,-0.24,-2.25,-1.75,0.21,0.25,0.33,0.23,0.32,-0.06,-0.42,-0.44,-1.16,0.04,-0.22,-0.07,0.28,-1.74,-0.36,-0.8,-0.23,-0.53,1.61,0.04,-0.05,-0.3,-1.62,0.81,-0.22,0.9,0.6,-0.17,0.12,-0.72,-1.12,-0.12,0.13,0.49,0.06,0.48,-0.58,-0.34,-0.1,-0.1,-0.04,-0.17,-0.09787631973520172,0.006828722446461377
2017-06-13,0.49,0.62,-0.38,0.01,0.51,1.53,0.94,0.88,0.26,0.21,0.29,0.2,0.65,0.99,0.95,1.1,0.95,1.11,-0.07,0.37,0.48,0.55,0.4,1.7,0.12,0.1,2.66,1.73,2.94,2.36,0.61,0.38,0.42,0.54,0.54,0.55,0.48,0.55,1.31,0.74,0.08,0.07,-0.21,0.56,0.54,-0.52,0.59,0.55,0.4511505144390471,0.006828722446461377
2017-06-14,-0.03,0.27,1.13,-0.43,0.1,-0.52,-0.23,0.76,-0.03,-0.45,0.07,0.26,0.03,-1.06,-1.15,-0.72,-0.42,-0.04,-1.33,-0.94,-1.36,-0.46,-0.89,-0.88,-1.0,0.99,-3.08,-3.22,-3.26,-4.39,0.01,-0.89,-0.15,-0.31,-0.44,-1.08,-1.37,-0.33,-0.09,-1.1,-0.82,-0.21,-0.49,-0.14,0.08,-0.69,-0.15,-0.43,-0.0995830885900939,0.006830867891460812
2017-06-15,-0.35,-0.2,-0.21,1.01,0.54,-0.98,-0.29,-0.7,-0.41,-0.09,-0.16,0.08,-0.99,-1.21,-0.86,-1.38,-0.7,-0.76,-1.49,-1.6,-0.27,-0.22,-0.31,0.33,-0.23,-0.85,-0.69,-2.12,-3.21,-2.43,0.25,-0.31,0.45,-0.26,-0.73,-0.58,-0.58,-0.39,-0.02,-0.19,-0.46,-1.03,-1.0,0.01,-0.13,0.8,-0.35,-0.34,-0.22395981716745172,0.006804887725841979
2017-06-16,-0.85,-1.76,-1.6,-0.46,1.15,-1.08,0.76,0.64,-0.74,-0.87,-1.0,-0.21,-0.07,-0.12,-0.21,-0.18,0.26,-0.39,-0.82,-0.93,0.04,-0.91,-1.28,-0.31,-0.85,0.38,-0.87,-1.11,-1.81,1.0,0.71,0.27,-0.54,-0.4,0.33,-0.16,0.14,-0.6,0.34,1.11,-0.82,-1.14,-0.24,-0.47,0.37,-0.6,-0.54,-0.58,0.028363920108120944,0.006815693495987318
2017-06-19,0.02,0.29,0.16,0.23,0.4,0.17,0.43,0.24,0.71,0.74,0.94,2.89,2.51,0.82,1.17,-0.34,0.26,0.8,0.91,-0.49,0.69,0.82,0.23,-0.03,0.68,0.2,0.05,0.38,-1.29,0.19,-0.84,-0.04,0.89,0.87,0.93,1.24,1.21,0.09,0.83,0.77,0.77,0.6,0.5,0.02,-0.01,0.76,1.08,0.15,0.8347228826019126,0.006800518522576127
2017-06-20,-0.82,-1.28,0.18,-1.27,-0.95,-0.59,-0.85,-2.33,-0.88,-1.68,-0.63,1.05,0.45,-1.13,-0.83,-2.0,-0.56,-0.2,-0.99,-2.39,-1.34,-0.08,-0.53,-1.75,-0.88,-1.3,0.56,-0.88,-2.44,-2.19,-0.54,-1.64,-1.18,-0.91,-0.61,-0.97,-0.76,-0.32,-0.92,-1.85,-1.19,-1.93,-1.66,-0.9,-0.71,-0.72,-0.92,-0.38,-0.66966375083225,0.006829775666350457
2017-06-21,1.91,-0.64,-0.54,-0.71,1.39,-0.52,-0.02,-0.34,0.48,0.02,-0.31,1.21,2.65,-1.24,-0.69,-0.45,-1.65,-0.97,-1.25,-2.74,-1.86,-1.66,-0.03,-1.3,-1.14,-0.09,1.93,-1.35,0.24,-3.91,-0.9,-0.44,-0.54,0.13,0.05,0.17,-0.07,-0.44,-0.3,-0.12,-0.87,-1.23,-0.72,-1.0,-0.59,0.37,0.59,-0.44,-0.05826444414320786,0.00682763021546684
2017-06-22,0.04,0.12,-0.06,-0.28,-0.95,1.55,0.36,-0.13,0.77,0.94,1.71,0.96,1.63,0.83,0.23,0.81,0.67,0.14,0.95,0.13,0.36,-0.14,0.73,-0.32,0.55,-0.41,1.43,1.32,-3.33,0.5,-0.09,-0.23,0.17,0.95,1.42,0.83,0.15,-0.59,-0.26,0.51,0.44,0.52,1.4,-0.16,0.12,0.29,-0.11,0.45,-0.045578189908535016,0.006838474376102965
2017-06-23,0.34,0.62,1.46,0.94,0.55,0.31,1.11,0.91,-0.59,1.43,0.95,0.16,0.76,1.26,-0.01,0.79,0.84,1.0,0.87,0.83,0.74,1.1,0.5,0.16,1.24,-0.22,1.48,3.81,4.36,1.64,0.31,0.9,0.72,1.2,0.35,1.69,0.84,0.44,0.48,0.86,1.07,0.55,0.52,0.15,-0.02,1.54,0.79,0.39,0.15609155884164228,0.006820023523812502
2017-06-26,-0.13,0.04,-0.77,0.32,-1.16,1.03,-0.07,-0.37,0.95,0.48,1.25,0.18,0.85,-0.48,1.57,0.43,0.06,1.86,0.37,1.04,0.17,0.51,1.12,-0.17,1.69,-0.62,-0.61,0.14,5.6,0.52,0.6,0.31,1.07,-0.09,-0.31,0.45,-0.74,0.88,0.82,0.21,0.15,1.81,0.7,0.43,0.28,0.49,1.17,0.15,0.03158015767239508,0.0068243925131827865
2017-06-27,-0.07,-1.2,-1.46,-0.82,-0.81,-2.43,-0.39,-0.48,-0.29,-0.08,-0.8,-0.47,-1.89,-0.82,-0.68,-0.95,-0.28,-0.03,0.0,-2.83,-1.1,-0.29,-1.66,-0.07,0.26,-0.2,-2.53,-1.13,-1.26,0.29,-1.05,-0.5,-0.82,-0.86,-0.91,-1.39,-1.54,-0.52,-0.42,-0.3,-0.88,0.17,-0.31,0.2,-0.06,-0.37,0.27,-0.3,-0.8072824663108658,0.0068178780204153355
2017-06-28,0.99,1.05,0.02,1.06,0.83,1.3,0.49,1.51,0.89,0.98,1.29,1.63,1.69,1.66,0.82,1.73,0.96,1.76,2.46,2.7,1.4,0.77,2.05,1.35,1.69,1.23,2.23,1.79,4.89,1.11,-0.27,1.36,1.57,1.21,1.47,1.55,1.63,1.84,1.34,1.62,0.84,0.56,0.03,1.25,1.27,0.47,1.65,0.84,0.8808066128737302,0.006833052332688716
2017-06-29,-0.3,-0.74,0.24,0.35,-1.49,-0.66,-0.66,-0.94,-0.02,0.79,-0.24,0.11,-0.84,-0.52,-0.71,-0.47,-0.32,-0.95,-0.36,1.44,-0.64,-0.25,-0.12,-0.04,-0.03,-0.2,0.51,0.6,-0.01,1.25,-0.68,-0.8,-0.31,-1.13,-0.45,-1.51,-1.27,-0.54,-0.5,-0.08,-0.98,-0.03,-0.16,0.65,-0.33,-0.63,1.32,-0.16,-0.8600023152223968,0.0068438963457317925
2017-06-30,0.45,0.73,-0.42,-0.08,-0.19,0.95,-0.17,-0.12,0.75,0.3,-0.2,0.47,-0.66,0.72,-0.74,1.17,0.54,1.26,0.09,0.36,0.16,0.77,0.25,0.97,-0.41,-2.52,-1.32,0.1,-1.35,0.4,-0.1,0.11,-0.16,0.18,-0.73,-0.28,-0.47,-0.13,0.42,0.35,0.62,0.27,-0.2,-0.31,-0.17,0.7,-0.34,0.37,0.15332318366443332,0.006839527570212667
2017-07-03,0.31,0.19,-1.15,0.98,-0.45,-0.27,-0.35,0.68,0.56,0.85,0.98,-0.39,1.03,0.67,1.14,1.06,0.6,0.58,1.62,2.74,0.77,0.52,0.93,0.36,1.46,0.6,-2.5,2.02,1.35,2.61,0.02,0.02,0.28,-0.38,1.89,0.01,0.44,1.27,0.65,1.58,0.71,0.75,0.57,1.3,1.09,0.34,0.69,0.62,0.23108339915050014,0.006878532799015069
2017-07-05,-1.27,-1.04,0.23,-0.21,0.04,-0.03,-0.73,-0.29,-0.7,-1.36,0.83,0.02,0.89,-0.69,-0.33,-0.53,-0.55,-0.48,-1.04,-1.53,-0.43,-0.78,-1.21,1.25,-1.16,0.04,0.06,-1.7,-0.35,-3.79,-0.96,-0.76,-0.82,-0.06,0.04,0.14,0.13,-1.32,-0.16,-0.86,-1.19,-1.54,-1.42,-0.45,-0.69,-0.83,-0.38,-0.35,0.1453278901884847,0.006889375574337109
2017-07-06,-0.82,-1.11,-0.1,-0.52,-0.6,-0.76,-0.58,-1.53,-0.98,-2.25,-2.44,-1.41,-0.85,-0.76,-0.73,-1.93,-0.76,-1.17,-1.06,-0.4,-1.08,-1.05,-1.42,-1.71,-1.11,0.04,-1.07,-1.06,-0.67,-2.25,-0.48,-1.0,-1.45,-0.88,-1.7,-1.0,-0.59,-1.26,-0.6,-1.5,-1.18,-2.13,-0.82,-0.78,-0.77,-0.7,-1.04,-0.92,-0.9368823795134262,0.006913205241465548
2017-07-07,0.36,0.28,-0.55,0.19,0.22,3.27,0.59,0.39,0.5,0.97,0.41,0.95,0.25,1.0,1.0,0.5,0.94,1.62,-0.27,0.65,0.65,0.77,1.66,0.37,-0.06,0.31,-2.0,-1.78,0.14,-0.42,0.46,0.77,1.5,1.22,0.95,1.93,1.5,0.73,0.79,0.91,0.88,0.42,0.57,0.89,0.9,0.79,0.02,1.02,0.6403125635439322,0.006914297237892164
2017-07-10,-1.31,-1.64,-1.85,-0.36,-0.46,-1.46,0.59,-0.89,-0.56,-0.49,0.11,-1.23,-1.19,0.22,0.32,-0.52,-0.2,0.2,-0.47,0.71,0.63,-0.08,0.34,1.04,0.03,-0.42,2.2,2.23,1.52,3.22,-0.43,0.34,-0.43,-0.1,-0.01,0.24,1.03,0.61,-0.11,-0.63,-0.46,-2.35,-0.6,-0.64,-0.7,0.79,0.05,-0.18,0.09277662124411723,0.006888283509609572
2017-07-11,-0.12,0.12,-0.71,0.19,0.05,0.69,-0.05,-0.1,-0.82,-0.61,-0.07,0.16,0.12,0.3,-0.14,-0.85,-0.36,-0.81,0.84,-1.62,0.59,0.04,-0.17,0.44,0.37,0.29,0.69,0.94,2.61,0.52,-0.04,1.08,0.14,0.13,0.42,0.15,0.19,-0.19,-0.4,-0.78,0.23,-0.34,-0.22,-0.34,-0.31,0.46,-0.33,0.19,-0.0782680881929565,0.006893704801469447
2017-07-12,0.28,0.6,2.16,1.39,0.85,-0.27,0.56,0.33,0.43,0.46,0.12,0.54,0.67,0.84,0.49,0.3,0.67,0.52,0.4,0.17,0.83,1.11,-0.08,0.34,0.25,-0.13,1.35,-0.18,-0.19,0.18,1.27,0.11,0.96,1.1,0.77,1.62,0.79,0.48,0.89,1.57,0.35,0.39,0.51,0.61,0.62,0.89,0.76,0.68,0.730560775918554,0.0068687818497892295
2017-07-13,0.19,0.29,-1.26,-0.7,-0.64,-0.08,-0.05,0.21,0.16,0.53,-0.16,-0.57,0.35,0.26,-0.7,-0.54,0.84,-0.05,0.79,-2.75,-0.33,-0.11,0.48,0.06,-0.19,-0.15,-2.4,1.85,0.36,1.5,-0.37,0.48,1.24,-0.19,-0.27,-0.2,-0.14,0.71,0.1,0.02,0.33,2.79,-0.38,-0.04,0.23,-1.25,0.8,-0.29,0.1874584262764767,0.006837382171842599
2017-07-14,-0.12,1.05,-1.8,0.82,1.08,-0.35,0.17,0.84,0.27,-0.04,0.45,1.17,0.37,0.27,0.81,-1.11,0.07,-0.1,0.09,-1.43,0.69,0.88,0.44,0.4,-0.07,0.88,1.9,1.04,0.14,0.57,0.59,0.82,-0.31,0.16,0.25,0.51,1.03,0.23,0.05,2.33,0.27,-0.33,-0.36,-0.4,0.25,0.01,-0.16,0.11,0.4673503321499739,0.006844949525519617
2017-07-17,-0.08,0.34,1.03,-0.24,-0.51,0.53,-0.67,0.16,0.39,0.43,0.39,-0.04,-0.04,0.46,0.26,0.67,-0.06,0.04,0.97,0.9,0.19,1.3,0.3,0.29,0.39,0.64,1.88,1.55,0.35,0.54,0.35,0.35,0.25,0.17,0.55,-0.11,-0.03,0.32,0.15,0.01,0.28,0.68,0.23,-0.06,0.07,0.29,0.02,-0.24,-0.005291285582376126,0.0068178780204153355
2017-07-18,-0.63,-0.41,-0.92,0.96,0.14,-0.2,0.96,-0.41,-0.17,-0.65,-0.49,-0.47,-0.61,-0.55,-0.16,-0.43,-0.46,-1.41,-1.16,-0.25,-0.4,-0.17,-0.37,-0.99,-0.26,-1.3,2.84,-0.94,-0.68,-1.46,0.19,-0.62,0.36,0.14,-0.93,0.07,0.26,-0.24,-0.75,-0.99,-0.35,-0.79,-0.62,-0.18,-0.22,-0.87,0.28,-0.27,0.059785700040282386,0.006820023523812502
2017-07-19,0.36,0.53,-0.09,0.3,1.42,-0.34,1.09,0.96,1.1,1.12,0.63,0.27,0.24,1.04,-0.06,0.75,1.43,0.87,0.82,0.77,1.28,0.59,0.83,0.78,1.15,0.83,-1.28,2.52,1.82,3.86,0.87,1.18,0.92,0.82,0.9,1.2,0.49,0.75,0.56,0.46,0.72,1.19,0.6,0.06,0.73,1.51,0.33,-0.66,0.5372639477660979,0.006820023523812502
2017-07-20,0.04,0.65,0.78,0.58,-0.31,-0.09,0.84,0.04,0.37,0.48,-0.16,0.09,0.63,-0.71,-0.02,0.13,-0.79,-0.45,-0.07,0.01,-0.22,0.08,-0.23,-0.13,-1.14,0.14,1.61,-1.92,-0.58,-1.49,1.01,0.98,0.12,-0.17,-0.26,0.36,-0.03,0.24,-1.04,-0.74,-0.07,-0.22,0.19,0.09,0.35,0.02,0.15,-0.52,-0.015365930076616241,0.006837382171842599
2017-07-21,-0.36,0.37,0.69,0.12,-0.43,0.22,0.26,-0.9,-0.29,0.32,-0.15,0.21,0.0,-0.35,-0.84,0.51,-0.66,-0.52,-1.62,-1.33,-0.8,-0.46,-1.54,0.42,-0.26,-0.73,1.0,-1.59,-1.91,-1.81,0.81,0.0,-0.52,-0.43,-0.54,-0.37,0.03,-0.98,-0.51,0.15,-0.86,-0.53,-0.65,-0.21,-0.06,-0.35,-0.23,0.27,-0.03678716036409346,0.006828722446461377
2017-07-24,-1.54,-0.25,-0.04,-1.27,-1.7,-1.11,0.64,0.09,-0.4,-1.56,0.37,0.04,0.67,-0.07,-0.3,-0.13,-0.93,-0.14,-0.19,0.15,-0.69,0.18,-0.37,0.12,0.56,0.02,-2.79,-3.1,-0.25,-0.9,-0.78,-0.58,-0.26,0.24,0.6,0.08,0.52,-0.37,0.0,-0.68,-0.34,-1.37,-0.86,0.39,0.23,0.09,0.02,0.57,-0.1063734846964759,0.006828722446461377
2017-07-25,1.67,1.17,0.62,0.86,0.11,0.36,0.22,0.68,0.72,1.97,-0.71,0.16,-1.09,0.27,0.32,0.14,0.97,0.85,2.0,1.28,0.51,0.6,1.04,0.01,0.16,0.38,0.75,2.45,3.07,2.47,0.32,0.44,0.19,0.27,0.48,0.42,-0.32,-0.04,0.38,1.14,1.03,1.94,0.71,0.95,0.72,-0.28,1.16,-0.2,0.29231717986641925,0.006841711963967434
2017-07-26,0.19,-0.8,0.13,0.26,1.48,-0.63,0.73,0.39,0.38,0.01,-2.11,-0.16,-0.03,-1.05,-0.76,0.71,-0.26,-0.77,-1.23,-1.35,-0.65,-0.64,-0.19,-1.02,-2.14,-0.09,3.64,1.6,0.08,0.69,0.33,0.05,-1.16,-0.05,-0.34,0.44,0.12,-0.31,-0.53,0.08,-0.54,0.27,-0.73,-0.77,-0.74,-0.1,-0.5,0.82,0.028266382187136507,0.006830867891460812
2017-07-27,0.01,0.16,0.45,0.63,1.38,-1.67,-1.03,0.57,0.3,0.63,-1.78,-1.44,-2.34,-0.89,-0.23,-0.46,0.13,0.23,-0.38,1.29,-0.27,-0.32,-0.26,-1.14,0.02,-0.17,-2.66,-1.31,-1.22,-0.11,0.12,1.01,-1.71,-1.0,-1.16,-0.9,-0.93,0.11,0.05,-2.87,-0.17,1.26,-0.92,-0.18,-0.31,-1.12,-0.48,-0.66,-0.09726881683288502,0.006804887725841979
2017-07-28,0.25,-0.1,-1.26,1.11,-3.09,-0.76,-0.39,0.0,-1.03,0.46,-0.19,0.12,0.18,0.34,0.69,1.32,-0.44,-1.11,-1.12,-1.32,-0.62,0.29,-0.88,0.71,-0.61,0.2,1.5,-0.14,-1.52,0.57,-0.05,-0.67,0.28,-0.22,0.28,-0.72,-0.64,-1.08,-0.86,0.89,-0.58,-0.93,-1.53,-0.36,0.92,0.19,-0.75,-0.12,-0.13411154893340216,0.006802703130204257
2017-07-31,-0.95,-0.38,-0.41,-0.62,-1.96,0.02,0.4,-1.07,-0.51,-0.25,-1.42,-0.82,-0.93,-0.41,-0.87,-1.97,0.61,-0.5,0.46,-0.13,-0.06,-0.74,-0.38,-0.35,0.21,-0.14,0.98,0.38,1.46,-1.22,-0.02,-0.36,-1.34,-0.26,-0.48,-0.48,-0.57,0.05,0.94,-0.93,-0.17,-0.65,-0.27,0.37,0.09,0.11,0.2,-0.41,-0.07281456772143535,0.006796188282787163
2017-08-01,1.01,-0.55,-0.59,-0.55,-0.18,-1.13,0.28,0.38,0.15,-0.25,-1.07,-0.83,-1.41,0.39,0.85,1.25,0.12,1.56,-1.12,0.25,-0.52,-0.76,-0.02,0.24,-0.04,0.92,-1.39,-2.13,0.31,-1.35,0.53,0.4,0.69,0.11,-0.01,0.22,-0.11,-0.52,0.39,-0.11,0.12,0.62,-0.14,0.53,0.18,0.19,-0.07,-0.54,0.2449115038656524,0.006789712340871112
2017-08-02,-0.92,-0.06,-1.42,-0.04,-1.06,-0.45,-1.96,-2.32,-1.07,-0.84,-1.35,-0.64,-1.24,-0.58,-0.17,0.4,-0.54,-0.79,-0.27,0.27,-0.53,-2.01,-0.71,0.83,-1.37,-0.19,-1.67,0.54,0.77,-1.84,-0.4,-0.73,-0.69,-1.26,-2.33,-1.77,-1.39,-0.87,-0.12,-0.56,-0.81,-1.06,-0.52,-0.52,-0.23,-1.0,-1.32,-1.5,0.049264843488217025,0.006789712340871112
2017-08-03,-0.56,-0.2,-1.18,0.18,-0.64,-0.21,0.44,-0.25,-0.56,0.17,-0.46,0.53,-0.39,-0.69,1.04,-1.21,-0.54,-1.18,-0.73,-0.29,-0.86,-0.18,0.0,1.12,0.4,-1.71,-1.84,-0.98,-4.66,-1.9,-0.12,-0.78,0.13,-0.04,-0.82,-0.53,0.15,-1.07,-1.24,-0.09,-0.69,-0.8,-0.93,-0.56,-0.2,0.18,-0.07,-0.34,-0.21836540850557196,0.006789712340871112
2017-08-04,-0.43,-0.31,0.84,0.33,0.93,0.51,0.99,0.76,0.49,0.77,0.47,0.62,1.16,0.02,-0.42,1.17,1.17,0.44,0.43,-0.33,0.45,0.33,0.89,0.04,2.65,2.09,-2.52,3.28,0.58,1.42,0.31,0.81,1.8,-0.26,-0.9,-0.52,-0.33,-0.21,0.6,1.68,0.28,0.62,0.18,0.5,0.57,0.08,0.28,0.47,0.18891035233321585,0.006778866852985566
2017-08-07,-0.29,0.58,2.29,-0.02,0.89,-1.44,-0.37,0.09,0.82,-0.04,0.25,0.77,0.11,-0.61,0.15,-0.49,-0.86,-0.11,0.27,-0.34,0.0,-0.06,-0.05,0.54,0.64,-0.58,-1.66,-3.4,0.13,-2.28,0.0,0.21,-0.22,-0.15,0.74,0.39,0.35,-0.48,0.38,-0.04,0.08,0.43,0.47,-0.32,-0.2,0.64,0.02,-0.51,0.1647199796319665,0.006815693495987318
2017-08-08,-1.03,-1.06,-0.43,0.97,-1.07,0.17,-0.25,-0.78,0.19,1.49,-1.14,-0.4,-1.02,-1.91,0.58,0.35,-0.58,0.7,0.07,1.24,-0.11,-0.94,-0.58,-0.19,-0.22,-0.76,-1.71,-1.32,0.62,-0.39,0.19,-0.11,-0.39,-0.65,-0.5,-0.29,0.08,-0.62,-0.26,-0.68,-0.85,-0.44,-0.78,0.16,0.16,-0.62,-0.44,0.41,-0.2414432693031987,0.006807033299183196
2017-08-09,0.02,0.07,-2.28,-0.85,0.11,-1.12,-0.3,-0.52,-1.87,-1.04,-0.83,-1.37,-1.55,-1.16,-1.59,-1.3,-0.82,-0.36,-1.19,-0.28,-1.07,-0.35,-0.48,0.23,-1.31,-0.57,0.5,0.35,-1.91,-0.82,-0.41,-0.53,0.02,-0.64,-0.5,-0.8,-0.96,-0.7,-1.02,-0.64,-1.77,-1.37,-0.07,-1.08,-0.14,-0.38,-0.75,-0.28,-0.03636085321390148,0.006798372914151862
2017-08-10,-0.15,-0.41,2.16,-1.0,1.13,-1.55,-0.29,-1.55,-1.16,-1.36,-0.83,-2.43,-2.6,-1.68,-0.29,-1.01,-3.26,-2.66,-1.19,-1.03,-2.29,-1.58,-2.03,-1.46,-1.12,-1.16,2.02,-2.48,-3.19,-1.83,-0.02,-0.9,-0.79,-2.0,-2.61,-2.46,-1.71,-0.97,-1.1,-1.44,-1.21,-2.56,-0.45,-1.39,-1.03,-2.45,-1.45,-0.63,-1.447444188426572,0.006800518522576127
2017-08-11,-0.18,0.89,-0.24,0.62,2.36,-0.88,-0.33,-0.68,-0.42,0.41,1.01,0.11,1.02,-0.15,-0.43,-0.7,0.56,0.2,-0.62,0.03,-0.13,-0.27,0.37,-0.22,-0.43,0.8,0.66,-0.96,-1.51,0.09,-0.67,0.43,0.08,0.22,0.03,0.19,0.88,0.21,0.34,0.33,0.0,0.28,0.36,-0.83,-0.55,-0.52,-0.11,-0.21,0.12755698031536866,0.006785381983620553
2017-08-14,1.12,1.02,1.72,0.87,-1.75,3.15,1.31,0.85,1.07,0.9,0.83,1.81,1.54,1.25,1.91,2.79,1.13,1.57,0.86,0.47,0.97,1.35,1.3,1.22,1.23,0.69,-0.06,1.78,0.54,-0.8,0.76,0.73,1.4,1.72,2.98,1.9,1.44,2.07,1.47,2.44,0.94,0.11,0.96,1.95,1.19,2.12,1.52,1.2,1.0043754738020771,0.0067593598368276275
2017-08-15,-1.1,-0.43,-1.15,0.5,0.21,-1.88,-0.41,-1.32,-0.79,-2.11,-1.28,-0.25,-0.87,-0.75,-1.23,-1.28,-0.29,-0.92,-1.04,-1.15,-1.16,-1.04,-1.01,-0.64,-0.35,-1.6,-2.45,-0.89,-1.49,-1.34,-0.14,-1.0,-0.85,-1.0,-0.54,-1.19,-0.93,-0.17,-0.41,-0.62,-1.11,-2.63,-0.77,-0.52,-0.28,-0.37,-0.7,-0.88,-0.04988080962693431,0.006798372914151862
2017-08-16,-0.06,0.34,-0.89,0.54,2.19,0.6,0.01,-0.08,-0.33,0.25,0.74,0.43,0.19,-0.27,-0.67,0.05,-0.57,-0.06,1.68,1.28,-0.41,-0.21,0.17,-0.27,-0.28,-0.14,3.65,0.86,0.25,-1.69,0.12,-0.18,-0.3,0.56,0.19,0.2,0.49,0.83,1.19,-0.09,0.2,0.58,0.71,-0.09,0.29,-0.43,-0.29,-0.28,0.14201029160998413,0.006830867891460812
2017-08-17,-1.16,-1.22,-1.85,-1.58,-1.42,-0.83,-1.8,-1.67,-1.82,-1.48,-0.62,-0.65,-1.05,-1.99,-1.08,-1.88,-1.37,-1.9,-2.73,-0.99,-2.07,-1.27,-1.25,-2.4,-2.08,-0.9,-0.8,-1.78,-2.24,-0.95,-0.91,-1.87,-1.65,-1.11,-1.79,-2.02,-2.19,-1.31,-1.13,-1.88,-1.62,-1.49,-0.85,-1.6,-1.11,-1.02,-1.23,-0.25,-1.5436951897705553,0.0068178780204153355
2017-08-18,0.74,-0.08,-1.58,0.23,0.2,0.55,-0.23,-0.5,-0.12,-0.78,0.83,-0.2,-0.04,0.54,-0.17,-0.22,0.0,-0.89,0.05,0.19,-0.06,-0.01,0.39,-0.08,-0.28,-0.1,-0.42,0.8,-1.14,1.17,0.6,-0.08,0.21,0.56,0.18,0.14,0.44,-0.24,-0.24,0.11,0.0,-0.06,-0.31,0.15,-0.11,0.0,0.12,-0.19,-0.18353673366143797,0.006791857995924744
2017-08-21,-0.29,0.29,-0.57,-0.63,0.87,-2.36,0.33,0.47,-0.26,-0.83,0.6,-0.53,-0.41,-0.26,-0.97,-0.63,-0.58,-0.35,-0.09,-0.92,-0.4,-0.64,-0.09,-0.85,-0.24,0.97,1.77,1.74,0.07,-0.89,0.39,-0.45,0.29,-0.12,0.85,-0.96,-0.36,-0.22,-2.31,-0.19,-0.46,0.11,-0.72,-0.04,-0.39,0.22,-0.57,-0.16,0.11626509216591252,0.006796188282787163
2017-08-22,0.12,0.73,0.41,-0.87,-0.02,0.08,0.55,0.89,-0.06,0.76,0.09,0.17,1.29,0.83,1.14,0.48,0.69,0.47,1.99,0.96,0.98,0.28,0.69,1.98,1.12,-0.44,-0.67,1.15,1.08,0.83,0.74,0.66,1.77,1.23,0.88,0.56,0.94,0.18,1.02,0.55,0.7,1.31,1.27,0.59,0.72,0.95,0.71,-0.07,0.9940779962249735,0.006796188282787163
2017-08-23,0.53,-0.28,0.97,0.49,-0.21,-0.98,-0.31,-1.0,-1.29,0.56,-1.39,-0.51,0.36,-0.1,-0.66,0.39,-1.08,-0.74,0.7,-0.19,-0.34,-0.15,-0.15,-0.36,-0.06,-1.44,0.36,0.93,3.21,0.75,0.16,0.17,0.16,-0.23,0.16,0.42,-0.22,0.46,-0.38,-0.09,-0.45,0.12,-0.72,-0.08,-0.25,-0.44,-0.09,0.14,-0.3453592835692465,0.006798372914151862
2017-08-24,0.04,-1.78,-0.68,-0.45,-0.27,1.75,0.6,1.38,-0.35,2.01,0.46,0.43,2.05,-0.2,-0.84,1.71,0.41,-0.16,-0.28,0.79,-0.04,0.94,-0.22,0.61,0.24,0.15,0.99,0.14,-0.19,0.25,0.02,0.37,-0.34,0.35,0.27,1.16,0.56,0.03,0.04,-0.33,-0.12,0.54,-0.02,0.45,-0.2,0.31,0.6,0.19,-0.2074461923330162,0.0067810125664591325
2017-08-25,0.71,0.01,-0.2,-0.39,0.25,0.95,0.2,0.91,0.86,1.7,-0.04,-0.16,0.34,0.31,-0.54,0.71,0.73,1.19,0.79,0.5,1.03,0.45,0.41,0.07,0.89,0.12,-0.05,-0.45,2.61,1.12,0.07,0.51,0.22,0.19,1.61,0.23,0.81,0.87,0.85,1.87,0.54,1.41,1.16,0.43,0.38,-0.39,0.57,0.45,0.1672869304875979,0.006798372914151862
2017-08-29,0.17,-0.17,0.98,1.09,0.35,-0.19,0.07,0.19,0.53,-0.79,-0.16,0.44,1.32,-0.13,1.13,0.06,0.0,0.6,1.54,2.16,0.16,0.49,0.04,1.22,0.4,-0.81,0.99,1.44,-0.47,0.4,-0.11,0.37,0.37,0.37,0.12,0.98,0.29,-0.22,-0.25,1.08,0.79,-0.82,-1.27,-0.17,-0.19,-0.23,0.2,0.4,0.08428219030980344,0.006744182717666192
2017-08-30,-0.43,0.4,1.57,0.33,0.58,0.16,0.57,0.35,0.44,-0.44,0.35,0.12,0.58,0.57,1.11,0.55,1.85,0.55,0.99,1.79,0.98,0.33,0.71,1.77,0.29,-0.31,-2.21,1.59,-0.2,0.08,-0.24,1.07,0.21,0.82,0.35,0.9,0.97,0.59,1.34,0.69,0.5,0.2,0.07,0.27,0.41,0.8,0.14,0.87,0.4615148908088784,0.006735520966372199
2017-08-31,0.4,-0.07,1.42,-1.05,-0.25,0.54,0.92,0.53,0.15,0.35,1.79,0.97,1.29,0.79,0.3,1.05,-0.08,1.43,-0.1,0.82,0.75,0.3,0.99,0.44,0.87,-0.06,1.76,-0.18,2.25,1.52,0.45,0.12,1.41,0.75,0.83,0.32,0.62,0.7,1.37,0.19,0.47,0.25,0.57,0.27,0.1,0.36,0.6,-0.2,0.5720976036098113,0.006741997789139198
2017-09-01,-0.83,0.62,1.28,0.61,-0.12,0.47,0.66,0.72,0.42,1.95,0.67,1.11,0.97,0.66,1.06,0.28,0.13,1.14,1.24,0.84,0.9,1.35,1.41,0.63,0.99,0.14,1.34,1.71,0.81,1.73,-0.36,0.75,0.05,0.42,0.36,0.89,0.53,1.89,0.39,1.33,0.48,1.39,1.13,0.63,0.16,0.89,0.49,0.6,0.19825408914242448,0.006735520966372199
2017-09-05,0.84,0.0,1.09,0.13,-1.63,-0.32,-0.46,-1.02,-0.56,-0.25,-0.17,-0.07,0.27,-1.11,-1.18,0.31,-0.45,-1.07,-1.12,-0.46,-0.56,0.25,-1.0,-1.12,-1.54,-0.76,2.53,-1.24,-3.78,0.12,0.4,-1.14,-1.17,-0.34,-0.19,-0.83,-0.21,-0.88,-1.35,-0.15,-0.87,-0.63,-0.8,-1.66,-3.03,-1.21,-1.9,0.02,-0.7550806819975553,0.006746367634180572
2017-09-06,0.54,0.4,-0.56,-0.21,0.56,0.46,0.07,0.86,0.07,0.86,-0.1,0.42,0.31,0.52,0.5,-0.62,1.77,0.53,-0.09,0.51,0.28,0.77,0.37,-0.83,-0.22,0.29,0.15,1.24,1.99,2.04,-0.36,-0.38,0.08,0.15,0.06,-0.11,0.27,-0.17,-0.44,0.68,0.45,1.45,-0.84,-0.04,0.42,0.64,1.16,0.66,0.31287266079642606,0.006720342939092738
2017-09-07,0.54,-0.51,1.19,-0.26,-0.16,-1.09,-0.55,0.02,0.86,-0.22,-0.93,0.31,1.43,-0.05,0.29,-0.43,0.08,0.04,-0.13,0.4,0.08,-0.32,-0.54,0.5,-0.35,0.74,1.44,0.57,-0.41,-0.32,0.61,-2.02,0.18,0.4,0.46,0.05,0.67,0.22,0.21,0.79,0.1,0.99,-0.99,-1.39,-1.85,-0.73,-0.46,0.64,-0.017843595846800397,0.006724674003266706
2017-09-08,-0.71,0.03,-0.5,0.09,-0.16,0.76,-0.02,-0.92,0.58,-0.59,-0.06,0.14,0.76,0.03,0.52,1.17,0.96,0.6,-0.33,0.85,-0.18,0.23,0.32,0.28,0.07,-3.34,-1.98,-1.53,-2.73,-2.78,0.22,-0.92,-0.24,-0.33,-0.7,-0.9,-0.07,0.66,0.04,0.2,-0.27,-0.24,0.44,0.59,1.93,0.22,0.26,-0.15,-0.1488850697372368,0.006670473781511532
2017-09-11,2.83,0.72,1.1,1.17,1.15,0.68,1.23,0.6,0.27,0.64,1.51,0.67,0.64,1.48,0.35,0.03,-0.14,0.74,-0.07,0.91,1.47,1.16,1.47,0.9,1.64,-0.11,-2.36,0.07,0.75,1.33,0.85,0.17,0.02,1.17,2.25,1.14,0.88,1.01,1.7,0.9,1.07,0.34,1.33,1.63,1.97,1.74,1.14,0.16,1.0839298999797853,0.006685653708582429
2017-09-12,-0.82,-0.01,-0.65,0.14,-0.32,1.35,0.32,0.9,0.64,0.37,0.88,0.76,0.11,0.96,0.3,1.65,1.18,1.85,0.74,0.54,1.56,0.63,1.18,0.33,0.65,1.41,0.86,1.99,0.67,2.06,-1.27,0.94,0.89,0.45,0.56,0.81,1.23,0.34,0.18,0.83,0.48,1.41,1.14,1.17,0.35,0.0,0.79,0.27,0.3363947992676142,0.006726859026784382
2017-09-13,-1.83,0.65,-0.39,-0.04,-0.48,0.73,0.59,0.08,0.25,0.52,-1.2,-0.39,0.4,0.64,0.67,0.54,0.33,-0.03,0.92,0.48,0.67,0.6,1.29,0.33,-0.01,0.26,-1.71,0.0,3.6,2.62,-0.26,0.21,0.31,0.15,-0.06,0.36,0.29,0.08,-0.74,0.03,0.63,1.46,1.49,0.66,0.6,0.1,0.16,-0.22,0.07571208321888179,0.006737666913303464
2017-09-14,0.78,-0.39,-2.26,-0.21,0.63,-0.09,-0.09,-0.78,-0.1,-0.99,-0.21,0.07,0.08,0.11,0.89,-0.81,-0.02,0.43,-0.12,0.9,0.55,1.0,-0.06,-0.1,-0.1,0.34,0.18,-0.74,0.17,0.62,0.8,-0.62,-0.51,-0.1,-0.18,0.1,0.12,0.1,0.02,-0.01,-0.19,-0.69,-0.86,-0.44,-0.28,0.86,0.28,-0.11,-0.11007176163723154,0.0067658752864518945
2017-09-15,0.07,1.15,0.61,-0.2,-0.85,0.48,-0.07,-0.45,0.73,0.8,-0.62,-0.08,0.78,0.04,0.65,0.8,0.2,0.16,1.63,0.76,0.71,0.43,0.25,0.7,0.73,0.83,-2.55,-0.99,-1.71,-0.08,0.03,0.44,0.5,0.02,0.57,0.52,1.77,0.58,0.54,0.37,0.6,1.09,1.4,0.26,0.64,-1.36,0.62,-0.84,0.18471813753213606,0.006814640238861358
2017-09-18,0.66,0.28,-1.29,-0.39,1.59,0.21,0.44,0.01,-0.07,-0.97,-0.66,0.48,1.07,0.77,0.13,0.1,1.19,0.94,0.87,1.25,1.39,1.35,0.84,1.41,2.0,3.74,0.78,1.15,0.31,0.91,-0.2,0.35,0.3,0.64,0.63,0.76,0.68,0.42,0.63,0.68,0.53,-0.7,-1.11,0.99,-0.09,0.46,1.11,-0.41,0.14559208669278068,0.006844949525519617
2017-09-19,-0.36,-0.67,-2.06,-0.64,-0.06,-0.36,0.14,0.04,0.05,-0.17,-1.67,-0.85,-0.46,0.84,0.25,-0.33,-0.19,0.6,-0.04,0.17,0.66,-0.21,0.25,0.8,0.0,3.47,-0.49,-0.31,0.01,0.5,-0.18,0.32,-0.48,0.2,-0.24,0.09,0.26,0.28,-0.72,-0.08,0.23,-0.91,-0.23,0.26,-0.14,0.34,0.87,0.0,0.11101953656167396,0.006862307087662778
2017-09-20,1.89,-0.78,2.98,-0.27,-1.42,0.72,0.49,0.2,0.07,0.01,0.45,0.04,0.94,0.31,0.86,0.34,1.21,-0.89,0.94,-0.32,0.3,0.53,0.21,0.47,0.94,-0.46,-1.63,0.72,-0.54,1.99,-0.25,-0.11,1.43,-0.01,-0.21,-0.5,0.04,-0.54,1.03,1.63,0.53,-0.2,1.13,0.85,0.28,-0.13,0.45,-0.19,0.06343478595600693,0.006874203407014612
2017-09-21,-0.31,-0.91,-1.35,-0.76,-0.49,0.16,0.09,-1.65,-0.19,-0.41,0.03,-0.08,-0.07,1.48,0.61,0.33,1.06,0.44,-1.15,0.1,-0.07,-0.8,-0.03,0.4,0.53,0.72,-1.97,-0.14,-0.21,-0.27,-0.33,-0.41,-0.16,0.01,0.0,-0.64,-0.52,-0.42,-0.21,0.27,-0.26,-0.57,0.19,0.31,-0.14,0.03,0.57,-0.11,-0.3045917468208481,0.006953295148059979
2017-09-22,0.03,0.05,-2.43,0.85,0.71,0.21,0.8,0.7,0.99,0.1,0.5,1.04,0.26,0.5,0.78,0.07,0.77,0.57,-0.08,0.96,0.49,0.49,1.16,0.34,1.05,0.32,2.18,0.65,0.32,1.02,-0.25,1.0,0.38,1.17,0.44,0.82,0.48,0.45,-0.36,0.09,0.82,1.07,0.24,0.57,0.72,0.59,0.5,0.12,0.06477937041176052,0.006983632882362478
2017-09-25,-0.59,0.7,0.23,-0.97,0.6,-1.31,-1.07,1.24,-0.2,0.23,-0.54,-0.32,0.25,-0.78,0.53,-0.51,-0.02,0.38,0.21,0.1,0.24,-0.99,0.7,-0.49,0.54,0.47,0.39,0.08,0.94,2.31,0.87,0.14,-0.21,-0.56,-1.08,-1.32,-1.24,-0.12,-0.5,-0.08,1.16,0.91,0.14,-0.04,0.01,0.06,0.73,-0.67,-0.22220504449805834,0.006981449266540984
2017-09-26,0.82,1.2,1.29,1.04,0.41,1.63,0.89,0.53,1.45,0.85,0.5,-0.14,-0.95,0.13,1.36,1.84,0.54,1.42,0.35,1.53,0.55,0.42,0.99,1.0,0.74,0.53,-1.44,1.05,0.66,0.89,0.16,0.17,1.46,0.7,0.77,0.35,0.66,1.37,0.74,0.74,1.02,0.66,0.08,0.75,0.39,0.45,1.04,0.27,0.007216681740818132,0.00698472468576572
2017-09-27,0.8,0.4,1.32,1.48,-0.47,1.42,1.51,1.63,1.43,1.6,1.45,2.09,1.69,1.17,2.25,1.13,1.76,1.0,1.87,1.18,1.74,1.46,1.19,0.85,1.95,1.54,-0.92,-0.13,0.47,0.76,-0.59,1.04,1.58,1.62,1.69,2.54,2.32,1.49,0.95,1.47,1.22,1.11,0.69,1.96,1.12,0.69,1.19,0.45,0.4085143878064912,0.007022624007002598
2017-09-28,0.39,0.18,0.42,-0.38,-0.17,0.36,2.07,0.47,0.52,-0.49,1.26,0.37,0.62,0.29,0.07,0.21,0.62,0.43,0.37,0.25,0.15,0.1,0.1,-0.57,1.11,-0.64,-0.28,0.75,-1.05,-0.31,0.22,-0.42,0.55,0.35,-0.43,0.23,-0.09,0.54,1.5,-0.5,0.08,-0.18,0.76,0.5,0.12,-0.57,0.02,0.27,0.12046157831626658,0.007028043471279943
2017-09-29,-0.5,0.48,-0.64,-0.43,-0.62,-0.56,-0.1,0.54,-0.74,0.57,0.19,0.46,0.94,0.19,-0.11,0.67,-0.7,1.23,0.36,-0.39,0.57,-0.05,0.13,-0.37,-0.59,-0.59,-0.65,-0.1,0.14,-0.57,-0.62,0.09,-0.46,0.35,0.25,0.68,0.76,-0.24,-0.37,1.31,-0.37,-0.06,0.1,-0.05,-0.24,-0.67,0.15,-0.01,0.37051097509217534,0.007010693128006729
2017-10-02,1.31,0.58,-0.55,0.67,0.02,0.05,-0.16,1.3,1.3,0.84,1.29,1.38,2.92,1.93,0.48,0.25,0.64,1.05,1.88,2.16,1.08,0.91,1.37,1.61,2.78,1.88,1.05,0.01,3.65,0.15,0.68,0.74,1.72,1.13,1.55,0.87,0.24,1.13,0.76,-0.1,1.19,0.27,0.11,0.88,0.89,1.0,1.03,0.73,0.38740035506961146,0.007043209781687487
2017-10-03,0.24,-0.12,-1.24,0.09,0.14,-1.06,0.23,0.54,-0.33,-0.11,-0.35,-0.06,0.8,0.43,-0.84,-0.72,0.27,0.33,0.5,0.42,0.45,0.66,0.28,-0.11,0.22,0.39,-0.74,0.81,-0.14,-0.29,-0.18,0.85,-0.31,0.48,-0.29,0.44,0.51,0.12,0.51,0.93,0.11,0.07,-0.42,-0.12,0.15,1.05,0.22,1.18,0.2158838152169773,0.007074593243672211
2017-10-04,0.39,0.32,1.11,0.73,0.78,-0.38,0.18,0.02,-0.27,0.15,-0.94,0.53,0.74,-0.59,-0.03,0.2,-0.53,0.3,-0.32,-1.12,-0.22,1.43,0.98,0.43,0.29,-0.5,0.42,-0.75,-1.32,-1.23,0.57,0.88,-0.94,0.57,1.23,-0.05,0.0,-0.72,-0.35,-0.63,0.48,-0.46,-0.63,-0.7,-0.47,0.35,-0.24,-0.51,0.12467201282879703,0.007071357547583368
2017-10-05,-0.69,0.26,-1.53,0.4,-0.49,0.47,1.09,0.64,-0.15,0.22,-0.24,0.12,1.1,0.42,0.16,-0.17,-0.22,0.4,0.58,1.05,0.38,0.67,-0.08,0.96,-0.24,0.16,-0.38,1.17,-0.26,1.29,0.19,-0.04,-0.55,0.64,-0.53,-0.04,0.16,-0.06,0.67,-0.22,0.32,0.45,0.92,0.71,0.42,1.2,0.35,0.35,0.5646787321186508,0.007080012001114966
2017-10-06,-0.63,-0.18,-0.72,-0.74,-0.29,0.63,-0.42,-0.39,-0.06,-0.17,-0.21,0.27,0.13,-0.02,0.97,0.11,1.38,0.18,-0.15,0.7,-0.12,0.46,0.33,-0.1,0.23,-0.72,0.62,-1.81,-3.58,-2.11,-0.32,-0.43,0.14,0.41,-0.37,0.34,0.24,-0.18,0.53,-0.24,-0.28,-0.28,1.01,0.28,-0.02,-0.45,-0.21,-0.31,-0.10736343152785155,0.007097359326135866
2017-10-09,-0.13,-0.34,-0.44,-0.16,1.46,-1.01,-0.49,-0.71,-1.12,-1.36,-3.0,-1.23,-0.53,-0.37,-0.87,-0.56,-0.36,-0.49,-1.25,0.61,-0.33,-0.64,0.08,0.52,-0.33,-1.15,0.7,-1.03,0.33,0.06,0.13,-0.95,-0.89,0.01,-0.51,-0.05,-0.41,-0.19,-0.18,-0.53,-0.74,-2.19,-0.98,-0.07,-0.21,-0.19,-0.13,0.08,-0.18044340510071644,0.0071146669156973985
2017-10-10,0.54,0.78,0.68,0.85,2.18,2.18,-0.11,0.45,0.19,1.18,-1.08,-0.25,1.01,0.05,0.67,0.48,-1.04,1.1,-0.13,0.86,0.14,-0.66,0.24,0.27,-0.56,-0.25,-1.89,0.25,-0.57,0.02,0.85,0.49,0.9,-0.11,-0.18,0.0,0.35,1.08,0.45,0.3,0.17,0.13,0.55,0.78,0.37,0.51,0.51,-0.04,0.23224126121230704,0.007106013214897011
2017-10-11,-0.3,0.36,-0.03,0.05,0.13,-0.46,0.69,-0.73,0.35,-1.62,0.11,0.55,0.46,0.42,-0.8,0.17,-0.66,0.33,0.78,-0.63,0.31,-0.07,-1.3,-0.63,-0.01,-0.76,-0.04,0.17,0.32,-0.17,0.47,-0.12,-0.42,0.26,-0.11,0.47,0.35,-0.16,-0.58,0.12,0.29,-1.17,-0.54,-0.16,-0.18,0.22,0.33,-0.14,0.18035070386159813,0.007116849801547254
2017-10-12,-0.41,0.58,-0.35,0.32,1.26,-0.46,-0.68,-0.44,-0.3,-1.04,-1.29,-0.61,-0.45,-0.02,-0.31,0.12,-0.1,-0.64,0.61,0.27,0.13,-0.08,0.3,0.06,-0.57,0.87,-1.12,-0.2,-0.47,-1.58,0.53,-1.37,-0.53,-0.29,-0.43,-0.19,-0.25,-0.24,-0.17,0.02,0.24,-1.87,-0.79,-0.68,-0.05,0.16,-0.43,-0.54,-0.1686752718675133,0.007112484017923748
2017-10-13,0.67,-0.12,-1.27,0.15,-0.35,0.33,0.11,0.47,0.73,-0.53,-1.58,-1.01,-1.34,0.4,1.03,0.32,-0.68,-0.02,1.55,-0.15,0.33,-0.29,0.37,0.18,-0.38,-1.03,0.42,0.36,-2.17,0.03,-0.56,0.19,-0.15,0.04,-0.13,-0.34,-0.03,-0.24,-0.1,-0.17,-0.09,0.37,-0.65,-0.04,0.44,-0.15,-0.04,-0.07,0.08781072235268805,0.007129829929231057
2017-10-16,1.42,-0.15,-0.93,0.31,-0.01,-0.73,-0.19,-0.32,-0.04,0.09,0.37,-0.2,-1.01,0.04,-0.64,-0.3,0.54,0.07,-0.3,-0.54,0.52,-0.1,0.37,0.46,-0.01,-0.01,-2.43,-1.17,-0.13,-0.09,-0.26,-0.13,0.28,-0.54,-0.91,-0.51,0.03,-0.17,-0.08,-0.68,-0.27,-0.67,-0.07,0.41,0.58,0.19,-0.31,-0.27,0.17507534306602235,0.007116849801547254
2017-10-17,-1.42,-0.52,-1.03,0.01,-0.19,-1.39,-0.33,-0.88,-0.79,0.33,-0.22,-0.02,-0.05,-0.75,-1.04,-0.48,-0.63,-0.57,-0.72,-0.86,-0.67,-0.36,0.27,-0.75,-0.08,0.27,-0.62,-1.3,2.4,-0.37,0.38,-1.01,-0.59,-0.3,-0.57,-0.28,-0.51,-0.83,-0.19,-0.48,-0.18,0.64,1.43,-0.64,-0.15,-0.35,-0.61,-0.57,0.06725786553094526,0.007162297886353919
2017-10-18,0.7,-0.3,0.29,0.08,-0.34,0.77,0.6,0.46,-0.22,0.58,-0.61,0.52,-0.11,-0.25,0.36,1.18,0.14,0.38,0.62,0.97,0.19,1.09,0.54,0.49,0.35,1.01,-1.2,-1.0,0.37,-0.65,0.08,0.54,0.61,0.14,0.41,0.3,0.05,0.35,-0.13,0.44,0.36,0.62,-0.38,0.5,0.67,-0.12,0.59,0.17,0.07423351621382857,0.007214287879708792
2017-10-19,-1.24,-0.38,-0.06,-0.44,-1.8,-0.15,0.2,-0.69,-0.36,0.05,0.27,-0.78,-0.28,-0.18,-0.62,-1.13,-0.14,0.23,0.21,-0.34,-0.35,-1.42,0.04,-0.73,-0.42,0.36,0.2,0.61,1.64,-0.88,0.46,-0.57,-0.39,-0.18,-0.36,-0.96,-0.43,0.37,0.36,0.03,-0.26,-0.36,0.02,0.14,0.36,0.2,-0.29,-0.44,0.03279979372339259,0.007188293731008599
2017-10-20,0.75,0.04,-0.9,-1.13,0.14,1.71,0.01,1.76,0.73,3.08,0.37,0.88,0.02,0.73,0.99,0.31,0.89,0.61,0.71,1.0,0.76,1.16,0.61,1.83,1.17,0.03,-1.14,-0.32,2.93,0.31,-0.15,0.4,0.19,0.73,0.6,0.37,0.71,0.29,0.85,1.03,0.67,1.31,-0.34,0.6,0.07,-0.16,0.33,0.18,0.5116842628527296,0.007201271531465103
2017-10-23,-1.01,-0.56,-1.86,1.06,-0.62,-2.55,-0.21,-0.72,-0.08,0.27,-0.07,-0.39,-1.48,0.66,-0.75,-1.68,-0.05,-0.43,-0.82,-0.78,-0.61,-0.95,-0.72,-1.12,-0.03,-1.81,-0.51,-1.31,-1.58,-2.29,-0.4,-0.89,-0.66,-0.97,-0.17,-0.12,-0.26,-0.66,-0.2,-0.61,-0.55,0.26,-0.79,-0.82,-0.48,-1.09,-0.39,-0.62,-0.3972484245916563,0.007216431249568167
2017-10-24,-0.61,-0.04,1.05,-0.7,-0.14,0.46,0.17,-0.55,-0.02,0.16,0.6,-0.19,-1.19,0.99,0.65,0.52,0.86,0.84,1.55,0.41,0.97,0.81,0.61,0.58,0.99,0.51,-0.38,1.31,0.86,-0.22,-0.25,-0.42,-0.71,0.14,-0.14,0.45,0.74,-0.17,0.57,0.43,0.03,0.71,0.34,0.27,0.0,0.21,0.27,-0.6,0.16179085343190902,0.007214287879708792
2017-10-25,0.6,0.02,-1.05,-0.64,-1.3,-1.59,-0.86,-0.06,0.03,0.34,-1.65,-0.09,-0.86,0.28,-0.06,0.18,-1.14,-0.49,-0.8,-2.59,-0.92,-0.58,-1.51,-0.17,-1.66,0.09,-0.19,-1.17,-1.29,-0.55,-0.26,-0.41,-1.1,-0.7,-1.3,-0.69,-0.14,-1.0,-0.55,-0.89,-0.8,-0.04,-1.28,0.11,-0.25,0.14,-0.4,-1.09,-0.46630499607167586,0.0072532564399097055
2017-10-26,0.36,-0.18,0.72,0.18,1.25,0.29,0.28,0.67,0.0,0.59,-1.77,-0.37,-1.56,0.3,-0.2,0.17,0.53,1.47,0.09,0.55,0.7,0.25,1.11,-0.59,-1.33,-0.94,-3.07,-0.7,-1.66,0.22,0.4,0.75,0.9,0.53,-0.13,-0.19,-0.15,0.99,0.39,1.0,-0.07,0.51,1.05,0.54,1.0,0.46,0.22,0.27,0.12709462192490584,0.007246748955447302
2017-10-27,0.69,0.43,-0.87,-0.58,-0.66,-1.56,0.62,-0.27,-0.36,0.44,0.85,0.52,1.02,-0.26,-0.77,1.24,-0.08,1.12,-0.23,-0.58,-0.04,0.1,-0.79,-0.06,0.63,0.63,0.86,-0.46,0.23,2.57,1.04,-0.12,0.75,0.69,-0.99,1.04,1.6,0.48,-0.21,0.25,-0.33,-1.04,0.41,0.49,0.58,0.15,0.34,0.72,0.8073022493030768,0.0072662321246141914
2017-10-30,-1.99,-1.74,-1.43,-0.54,-1.58,-0.11,-1.06,-1.15,-0.95,-1.58,-1.4,-0.9,-0.38,-0.59,-2.42,-1.22,-1.78,0.34,-2.03,-2.15,-0.84,-0.95,-1.72,-0.41,-1.35,-1.04,-0.1,-1.3,-0.58,0.43,-0.69,-1.18,0.04,-1.06,-0.6,-0.12,-0.93,-1.73,-1.42,-1.31,-0.86,-1.9,-0.54,-1.76,-0.74,-1.03,-1.25,-0.14,-0.3192470480425591,0.007244566781161588
2017-10-31,1.29,1.42,1.18,2.55,-0.03,-2.52,0.98,0.59,0.54,-1.41,0.71,0.55,0.03,1.17,2.52,1.42,1.93,1.75,-0.38,-0.29,1.16,1.33,1.3,0.93,2.19,-0.15,-1.89,1.19,-1.16,2.14,0.48,0.77,-0.11,1.14,0.6,0.9,0.45,0.99,-1.68,0.7,0.61,-0.2,0.17,0.59,0.39,1.17,0.02,0.62,0.09444587968627793,0.007268375215052636
2017-11-01,-2.27,-0.11,0.48,-1.87,-0.21,-0.83,-0.02,-0.98,-0.11,-0.26,-3.26,-0.82,-1.14,-0.18,-1.22,-0.15,-0.28,-0.01,0.21,-0.22,-1.16,-1.2,-0.62,-0.61,-0.21,0.09,-1.12,-0.53,2.72,2.06,-0.59,-0.55,-0.42,-0.52,-1.62,-1.1,-1.35,-0.09,0.92,-0.12,-0.33,0.0,-0.69,-0.62,0.03,-0.3,-0.24,-0.7,0.15921099166993358,0.007297598025424179
2017-11-02,0.38,-1.67,-1.03,0.23,-1.0,-0.49,-0.11,-0.05,-1.54,-0.17,1.89,-0.22,0.5,-0.19,-0.79,-1.58,0.31,-1.38,0.01,0.83,0.73,0.55,0.66,1.2,-0.62,0.34,-0.69,-0.24,-0.86,-0.2,0.5,-1.53,0.89,0.0,-0.48,-0.56,-0.05,1.9,0.0,0.62,0.47,0.48,-0.13,1.09,0.48,-0.49,0.81,-0.06,0.0189966107745132,0.0073257667857928865
2017-11-03,0.68,-0.61,-0.21,1.98,-0.33,-1.03,0.6,-0.11,-1.23,-1.05,-1.6,0.32,1.73,-0.12,0.42,-1.27,-0.01,0.26,-0.57,-0.47,-0.15,-0.42,-0.26,-1.49,-0.78,-1.82,0.23,-0.02,-1.13,1.45,0.14,-1.78,0.12,-0.04,0.28,0.28,0.01,-0.76,0.07,-0.1,-0.38,-0.5,0.53,-0.45,-0.37,-0.48,-0.64,-0.08,0.30970752937133916,0.0073246759165090936
2017-11-06,-0.08,-1.15,1.22,-0.62,-0.76,-0.16,0.85,-0.06,-0.33,0.39,-0.49,-0.28,-0.05,0.22,0.05,0.77,0.35,1.75,0.73,-1.72,0.51,0.7,-1.09,0.38,-0.5,0.2,2.1,1.35,0.94,4.82,0.02,0.65,0.41,-0.15,1.43,1.0,-0.72,-0.77,-0.63,1.01,-0.59,0.21,-0.17,-0.17,-0.16,0.81,0.38,1.02,0.12712512706076762,0.007330091273893835
2017-11-07,-1.18,-0.22,2.14,-0.08,-0.27,-0.15,-0.49,-0.17,-1.16,-1.37,-0.01,-1.26,-2.15,-0.62,-0.53,-2.2,-0.71,-1.21,-1.14,-0.3,-0.73,-1.35,-0.45,-0.38,-2.32,-0.38,-1.41,0.46,-0.45,-0.4,0.46,-0.41,-1.58,-1.04,-1.49,-1.15,-0.11,-0.84,-1.48,4.3,-1.2,-2.03,-1.67,-2.24,-0.65,-0.82,-0.78,-0.45,-0.018910283240303194,0.00734629794694186
2017-11-08,0.05,1.08,0.0,0.68,-0.66,1.65,0.57,-0.69,0.05,0.99,-0.34,-1.04,-0.11,0.07,0.07,1.16,1.29,0.06,-1.08,-1.07,-0.44,-0.18,-0.27,0.68,0.52,-1.03,1.63,0.18,-1.4,-1.57,0.18,-0.91,0.67,0.46,1.15,0.97,0.89,-0.36,-0.08,-1.61,-0.2,0.27,-0.32,-0.77,0.32,0.07,0.02,0.62,0.14436549093932438,0.007364724444980375
2017-11-09,0.49,-0.41,0.3,1.45,-1.1,0.09,0.84,1.18,-0.37,0.37,-0.4,0.66,0.78,-1.09,0.06,0.85,0.4,-1.01,-0.47,-1.55,-0.77,3.82,-0.43,-2.12,-1.83,-4.57,1.54,2.08,-2.18,0.84,-0.13,0.22,-1.28,-0.48,-2.9,-0.32,-1.25,0.59,-0.93,0.06,0.38,1.39,0.32,-0.34,0.33,-0.22,-0.77,-0.01,-0.3761887788273133,0.007398263938074301
2017-11-10,1.09,1.14,0.41,-0.54,0.47,1.71,-0.05,0.42,1.48,1.65,-1.0,0.15,0.59,-0.22,-0.3,0.18,0.29,-0.02,-2.72,-0.85,0.14,1.15,0.54,-0.72,0.34,-0.4,-2.87,0.37,1.53,-0.49,-0.58,-0.4,0.52,0.41,0.35,0.52,-0.18,2.22,0.2,0.13,-0.67,1.26,0.94,-0.07,-0.1,1.42,0.34,-0.13,-0.08976437135733706,0.00739717326727618
2017-11-13,-0.73,-0.05,0.5,0.37,1.16,0.04,0.21,0.38,0.6,0.95,-0.42,0.43,-0.64,0.42,0.08,-0.46,0.04,-0.13,-0.51,-0.18,-0.35,-0.69,0.64,-0.88,-0.25,-0.49,-2.65,0.31,-0.06,-1.02,0.49,-0.88,-0.47,-0.32,-0.09,-0.09,-0.29,-0.34,0.18,-0.2,-0.3,-0.68,0.35,0.58,-0.04,0.09,0.73,0.47,0.09836343383038404,0.007408001937969644
2017-11-14,0.86,0.87,0.57,0.43,0.57,0.49,0.53,0.22,-0.36,-0.14,-1.23,-0.56,-1.53,-0.67,-0.67,0.74,-0.21,-0.72,-1.73,-0.93,-0.47,-1.15,-0.24,-0.19,-0.26,0.4,-1.08,-2.57,-1.97,-3.58,1.15,-0.79,-0.42,-0.16,-0.34,0.3,-0.21,-0.08,-0.55,-0.26,-0.34,-0.14,1.54,0.51,-0.06,-0.38,-0.03,-1.02,-0.23096094136402234,0.0074404472360622975
2017-11-15,-0.36,-0.77,-1.21,-1.5,-0.72,-0.37,-0.51,0.74,-0.58,0.43,-0.26,1.89,0.17,-1.45,-0.37,-0.54,-0.48,-0.7,-0.38,-0.61,-1.17,-1.09,-0.72,-0.99,-0.92,0.78,-1.75,-0.84,0.79,-1.54,-0.96,0.28,-0.28,-0.87,-0.19,-0.49,-0.57,0.87,-1.16,-1.02,-0.56,0.04,-0.19,0.13,0.07,0.05,-0.18,0.15,-0.5525675723668133,0.007415558461909555
2017-11-16,2.32,2.39,3.2,0.77,2.0,1.77,0.88,3.59,1.68,0.98,2.07,1.39,2.2,1.59,1.79,1.71,7.0,0.96,1.19,1.79,1.64,1.6,2.51,0.89,1.39,0.69,0.43,1.05,1.48,0.44,0.35,1.63,1.76,1.81,2.2,2.54,2.17,2.29,0.96,0.96,2.02,2.33,0.45,1.6,0.15,1.81,1.16,1.81,0.8196058301448428,0.0074718383710203895
2017-11-17,2.85,0.55,-1.33,1.17,-0.05,1.91,0.24,0.57,1.05,2.5,0.03,0.52,0.74,0.0,0.78,1.77,0.03,0.83,-0.76,0.06,0.75,0.53,0.31,-0.44,0.5,1.03,2.35,2.04,1.12,2.5,-0.38,1.23,-0.33,0.6,0.51,0.4,0.12,0.17,0.62,0.41,0.49,2.82,1.13,0.24,0.19,-0.04,-0.24,-0.31,-0.26259631197607103,0.007493452417040025
2017-11-20,0.87,0.26,-0.04,-0.12,0.25,0.94,0.44,0.37,0.58,0.73,-0.33,0.29,-0.11,1.18,0.64,0.7,0.74,1.9,1.69,0.61,0.86,0.38,1.23,1.3,0.81,-0.31,-1.02,0.76,-1.81,-0.85,-0.3,0.72,0.57,0.99,1.08,1.04,1.06,0.27,-1.03,0.59,0.11,1.01,0.7,0.95,0.4,0.34,1.21,-0.12,0.1275682910981013,0.007502097707146049
2017-11-21,-0.15,-0.07,-0.3,0.06,0.86,0.12,0.31,0.35,0.01,0.13,1.19,1.75,0.42,1.11,0.81,0.64,1.05,1.65,1.1,2.81,0.51,0.86,0.63,0.58,0.52,1.53,0.86,-0.24,-2.44,-0.62,0.37,0.09,0.48,0.96,1.21,1.3,1.32,1.21,0.63,1.27,0.64,-0.68,0.11,0.31,0.31,0.64,0.57,-0.11,0.6541139016436714,0.007575652970626123
2017-11-22,0.45,-0.42,-0.89,-0.07,0.23,-0.12,0.01,0.38,0.73,-0.45,1.13,-0.33,1.22,-0.24,-0.46,-0.21,0.21,-0.33,0.12,-0.3,0.48,0.19,-0.32,-0.01,-0.14,-0.26,1.35,1.57,2.5,1.23,0.03,0.38,0.03,0.17,0.63,0.12,-0.5,-0.22,-0.46,-0.47,0.47,0.53,-0.4,-0.24,-1.13,0.02,-0.13,0.24,-0.07502610505620844,0.007601621860908736
2017-11-24,-0.78,0.07,-0.36,0.15,-0.27,0.54,0.96,1.09,0.24,0.01,0.53,0.94,1.05,0.66,1.21,0.3,0.27,0.19,0.34,0.11,0.01,0.22,0.24,0.1,0.35,-0.06,-0.58,0.53,1.62,0.27,-0.08,0.8,-0.14,0.74,0.53,1.17,0.53,-0.03,0.35,-0.25,0.17,-0.23,0.06,-0.11,0.01,0.07,2.45,-0.16,0.205609524528505,0.0076096418957449785
2017-11-27,0.03,0.36,0.31,0.44,-0.59,-1.56,0.11,1.03,-0.79,-0.51,-1.26,-0.53,-1.04,-0.33,-0.35,1.06,-0.37,-0.98,-0.94,-0.21,-0.62,-0.1,0.07,0.06,0.12,0.99,-0.13,-2.4,-1.57,-1.96,0.27,-0.11,-0.49,-0.11,-0.45,0.42,-0.56,0.03,0.17,-0.1,-0.04,0.2,-0.63,0.05,0.2,-0.78,0.13,0.01,-0.03842577408612602,0.0076364260849004495
2017-11-28,1.04,1.54,0.68,0.75,0.93,1.91,1.33,1.53,1.32,1.55,-0.36,0.09,0.14,1.26,0.8,1.13,2.07,1.98,1.61,2.23,1.5,1.49,2.44,1.25,2.25,1.62,0.63,0.35,0.74,0.05,0.78,0.88,2.41,0.83,0.9,0.36,0.25,4.09,0.36,1.29,1.89,2.51,2.19,1.95,1.39,0.82,0.54,-0.13,0.984851264624087,0.00761711673431531
2017-11-29,1.24,1.13,-0.6,-0.12,0.75,-1.9,0.19,0.37,0.75,1.54,1.77,-0.54,-0.19,-0.42,1.08,0.08,0.17,0.86,0.18,-0.61,-0.42,-0.31,-0.12,0.19,1.66,-0.79,-0.65,-0.45,1.59,0.52,0.53,1.02,1.71,-1.24,-1.01,-1.57,-2.8,-0.1,1.19,1.69,0.75,2.32,2.0,2.07,0.93,0.59,0.76,-0.07,-0.0369225815214147,0.007643705778614951
2017-11-30,-0.14,0.51,0.55,0.09,0.08,-0.29,0.58,-0.23,0.13,-0.22,0.82,-0.44,1.26,0.16,-1.25,0.24,0.75,-0.34,0.48,-0.01,0.39,-0.27,-0.04,1.37,0.45,-0.15,1.23,2.35,1.47,1.95,0.49,-0.38,-0.02,0.35,0.22,0.08,0.51,0.13,0.89,1.42,0.64,-0.12,0.31,-0.87,0.03,-0.29,-0.11,-0.19,0.8190950524173068,0.007670487678090865
2017-12-01,-0.17,-0.03,-0.31,0.61,1.02,-0.31,0.22,0.23,-0.67,-0.64,-0.44,-0.17,0.29,-1.06,-0.06,0.28,-0.5,-0.3,0.05,-1.46,-0.57,-1.29,-0.61,-1.23,-0.8,-1.7,-0.52,-1.04,0.91,3.05,-0.36,0.27,-0.72,-0.58,-0.02,-1.01,-1.01,-1.02,-0.31,-0.6,-0.44,-0.4,-0.76,-0.25,-0.08,-0.38,0.51,-0.41,-0.2024530643865985,0.007704546359654785
2017-12-04,-1.03,0.76,-0.72,1.77,0.3,0.72,0.08,0.5,0.93,1.12,-1.35,-1.38,-1.77,-0.7,-0.2,0.03,0.73,0.43,2.29,-0.33,0.04,-1.1,-0.62,-0.24,-0.2,1.13,-2.25,1.88,-0.58,-1.28,-0.45,0.38,-0.33,-1.26,-1.13,-1.36,-1.09,0.53,1.1,0.16,0.95,2.41,1.66,0.86,-0.21,0.14,0.15,-0.12,-0.10521569099137817,0.00778724818186749
2017-12-05,-2.24,-0.7,-0.22,-0.91,0.3,-0.25,0.49,-0.24,-0.42,-0.65,-1.07,-0.36,-0.42,-0.27,-0.72,-0.77,-1.09,-1.68,-0.79,-0.67,-0.94,-0.32,-0.44,-1.13,-0.07,0.07,-0.99,-1.23,-0.98,-0.67,-1.44,-1.5,-0.25,-0.32,0.02,-0.12,-0.15,-0.82,-0.53,-1.07,-0.78,-0.76,0.09,-1.06,-0.78,-0.13,-0.73,-0.66,-0.37393815432908983,0.007817639220575323
2017-12-06,-1.47,0.08,0.16,0.2,1.98,-1.29,-0.93,-0.56,-0.33,1.61,-0.19,-1.47,-1.13,-1.61,-1.04,-0.34,-0.43,-0.05,-0.7,-0.4,-0.74,-0.36,-1.15,1.54,-0.37,-0.02,-1.97,-1.91,1.41,-3.57,-0.13,-2.04,0.44,-0.35,-0.55,-0.4,0.94,0.24,-0.94,-0.68,-0.73,-0.58,-1.32,-0.47,-0.28,-0.54,-1.25,-0.53,-0.011410534507194647,0.007812775253679405
2017-12-07,-0.39,-0.37,-0.1,0.39,-0.35,0.34,0.96,-0.48,-1.04,1.22,1.03,1.48,1.58,0.48,-0.16,-0.29,0.57,0.11,1.02,-0.43,0.63,1.23,0.0,0.98,0.5,1.34,-0.97,2.28,1.23,0.82,0.27,0.31,-0.26,0.81,0.48,0.9,1.08,-0.4,1.59,0.75,0.4,0.62,0.24,0.29,0.05,0.42,2.63,0.52,0.2932357628297133,0.007848027941359526
2017-12-08,0.21,-0.25,-0.35,-0.43,-0.21,0.03,-0.15,0.43,0.51,0.94,0.27,0.37,1.39,-0.05,0.22,-0.11,0.54,0.82,0.2,1.72,-0.3,-0.07,-0.13,0.02,0.39,-3.07,0.32,1.52,0.14,0.63,0.22,0.27,0.02,0.11,0.35,0.27,0.22,-1.12,-0.76,0.37,-0.02,0.88,0.84,-0.57,0.04,-0.08,0.72,0.51,0.5506306498390678,0.007900317574405236
2017-12-11,-0.39,-0.31,-1.4,0.08,-0.06,0.3,0.86,0.64,-0.55,-0.68,0.04,-0.29,-0.65,0.2,-0.96,-0.99,-0.09,-0.75,0.6,-2.1,-0.22,-0.2,-0.18,-0.85,0.03,-0.46,0.74,0.99,2.88,1.17,0.26,1.17,-0.73,0.38,0.77,0.0,-0.58,0.16,-0.03,-0.59,0.43,0.16,0.66,-0.38,-0.29,0.21,-0.14,-0.32,0.32019573826136405,0.007911249286607358
2017-12-12,0.43,-0.25,-0.95,-0.2,0.79,-0.5,-0.8,0.07,-0.24,-0.47,0.26,-0.17,-0.64,-0.01,0.14,-0.79,-0.89,-0.09,-0.72,0.14,-0.07,-0.41,-0.12,-0.02,-0.75,1.21,-1.55,1.04,-0.46,-0.28,-1.65,-0.1,-0.56,-0.3,-0.1,-0.33,0.77,0.32,-0.28,-0.01,-0.07,-1.03,-0.46,0.6,0.22,-0.86,0.35,-0.02,0.15489219942514953,0.007968392750790088
2017-12-13,0.01,0.28,-0.2,0.92,1.06,0.43,0.52,0.69,0.52,0.67,0.26,0.93,1.23,0.24,3.08,0.72,1.06,-0.09,0.8,0.47,0.45,0.14,-0.23,0.65,0.83,0.29,3.42,0.9,-1.69,-1.16,0.24,0.33,0.15,0.51,0.84,1.04,-0.02,0.03,-0.01,-0.08,0.31,1.33,0.71,-0.14,-0.53,0.51,-0.29,0.53,-0.04729568033579046,0.008008493310729392
2017-12-14,-0.9,-0.91,3.76,-0.5,-0.7,-1.3,-0.24,-1.24,-0.78,-1.18,-0.98,-0.94,-1.06,-1.04,-1.96,-0.61,-1.05,-1.47,-1.1,-1.6,-0.68,-0.64,-1.3,-0.63,-1.67,-0.47,-0.27,-1.04,-0.93,-0.95,-0.74,0.04,-1.22,-0.16,-1.09,-0.27,0.12,-1.37,-1.27,-1.23,-0.69,-1.59,-0.84,-0.9,-0.66,-1.53,0.66,-0.18,-0.40708592677227706,0.008024322391664285
2017-12-15,-0.03,0.98,-1.45,1.26,1.16,0.46,0.11,0.77,1.85,2.27,0.97,0.69,0.63,0.83,1.23,1.22,1.39,0.61,1.33,2.56,1.03,1.11,0.97,1.3,0.98,1.82,0.19,0.5,0.12,-0.35,0.79,0.72,1.8,1.37,0.79,1.13,1.34,1.11,0.83,0.66,1.29,1.6,0.55,1.99,1.22,0.86,1.12,1.68,0.897434357723248,0.00804376757626013
2017-12-18,1.74,2.31,1.97,0.46,0.05,0.84,0.85,0.67,0.59,1.7,1.01,0.36,0.4,1.65,2.01,0.42,1.26,2.11,2.08,1.93,1.67,0.21,1.56,1.28,1.97,1.75,0.97,1.34,2.58,2.32,-0.47,2.9,1.76,1.06,3.35,1.39,1.22,1.83,0.81,1.17,0.8,2.32,-0.12,0.84,0.05,1.33,1.02,0.69,0.5362807031737971,0.00808506600016301
2017-12-19,-1.35,-0.59,5.63,0.54,0.2,-0.13,0.26,0.13,0.14,-0.05,-0.19,-1.07,-0.47,-0.04,-0.38,-0.38,-0.67,-1.29,0.09,-1.41,-0.28,0.21,-0.1,0.44,-0.14,-0.51,-2.25,-1.8,1.25,0.16,-1.66,-0.66,-0.61,-0.21,0.28,-0.57,-0.16,0.04,-0.46,-0.43,-0.32,-0.47,0.93,-0.85,-0.58,-0.73,-0.7,-0.81,-0.3230269308986733,0.008126399025254472
2017-12-20,-0.21,0.37,6.26,-0.61,-0.98,0.4,0.22,-0.05,0.17,-0.15,0.1,0.46,0.49,0.3,0.43,-0.37,0.67,0.92,1.08,0.51,0.86,0.42,0.71,0.7,0.08,-0.46,0.21,0.81,0.71,2.27,-0.37,1.0,0.01,0.83,0.95,0.06,-0.07,0.68,0.32,0.47,0.87,0.44,0.02,-0.23,0.22,-0.49,0.37,0.0,-0.08278932913695636,0.008183861525390412
2017-12-21,-0.02,0.26,13.44,-0.03,-0.32,1.1,0.47,0.0,0.71,0.94,0.67,0.11,0.69,0.06,0.62,0.81,0.84,1.08,0.67,0.83,1.02,0.5,0.54,0.41,0.79,0.43,0.89,1.91,1.5,3.2,-0.66,0.83,-0.04,0.34,0.91,0.07,-0.45,0.94,-0.19,0.82,0.66,0.28,0.48,0.65,0.38,0.08,0.58,0.38,0.19856556872259734,0.008212045446454042
2017-12-22,1.0,0.13,0.88,-0.55,0.5,-0.46,-0.96,-0.31,-0.07,-0.1,0.5,0.03,0.87,-0.06,-0.8,-0.87,-0.57,-0.72,0.44,-1.24,-0.5,-0.36,-0.4,-0.37,-0.83,-0.83,0.78,0.04,2.05,-0.18,0.29,-0.17,-0.56,-0.2,-0.39,-0.94,-0.82,0.78,0.0,0.42,-0.24,0.06,-0.3,-0.66,-0.32,0.07,-0.59,0.74,-0.04581664731576618,0.008255775170540325
2017-12-27,1.26,-0.21,-2.58,-0.55,2.16,-0.52,0.32,-0.03,-1.21,-0.16,-0.19,0.41,0.54,0.21,-0.12,-0.39,-0.01,0.64,0.38,-1.01,0.3,4.23,-0.26,-0.01,-0.16,-0.43,-0.89,0.63,-0.65,-0.67,0.5,-0.69,0.31,0.24,0.25,0.56,-0.21,-0.03,0.55,-0.05,0.08,-0.88,0.11,-0.32,0.03,-0.13,-0.04,0.36,0.07909408692410302,0.008288695627189924
2017-12-28,-0.04,0.13,0.44,0.48,1.7,-1.0,-0.11,-0.12,-0.18,-0.08,0.97,0.12,0.52,0.42,0.51,5.53,0.74,0.35,1.07,1.09,0.11,0.39,0.4,0.5,-0.13,0.46,1.55,-0.14,0.76,0.82,0.94,-0.24,-0.42,0.02,-0.02,0.25,0.32,0.33,1.47,-0.68,0.49,-0.17,0.25,0.36,0.42,0.83,0.21,0.12,0.18339987718802853,0.008272021969601973
2017-12-29,-0.67,-0.25,0.54,0.27,1.03,7.37,-0.23,-0.68,-0.13,-0.98,-0.4,-1.09,-0.89,-0.33,-1.36,-1.75,-0.47,0.42,-0.7,-1.19,-0.14,-1.61,-1.44,-0.21,-1.28,-0.84,0.4,0.44,-1.96,-0.38,-0.26,-0.36,-1.05,-0.52,-0.77,-0.93,-0.45,-0.04,-0.55,-0.7,-0.37,-0.82,-0.57,-0.84,-0.38,0.19,-0.34,-0.36,-0.5183153291804743,0.008274470592395389
